text,normalized_text
یہ بھی مانگے کا مالک کے حکم سے ۔۔جتنا بھی گم نام ہو جا ے ۔۔ اللّه سے نہی چھپ سکتا #URL#,url
میں یہ نہیں کہوں گا کہ یہ ایک * برا * فلم ہے. میرے لئے بدقسمتی سے، میں باڑ کے بارے میں ہے کہ اس سے زیادہ آپ کو پتہ ہے کہ احساس حاصل، بدتر یہ صرف حقیقت کی وجہ سے یہ مکمل طور پر غیر حقیقی ہو جاتا ہے کہ کرنے کے لئے ہو جاتا ہے. میں نے 14 سال کی تھی میں نے باڑ گیا ہے، اور اس فلم کو بہت غیر تسلی بخش جو پیش کیا. F. مرے ابراہیم اچھا ہے (اور کچھ باڑ لگانے کے پس منظر ہے ظاہر ہوتا ہے)، لیکن دیگر اداکاروں میں سے اکثر - خاص طور پر طالب علموں - بس ختم ہو جائے کرنے کے لئے لگ رہے ہو.,14 f
میں ایک کاروبار کی فروخت کے باہر جا کر پچاس سینٹ کے لئے اس فلم مل گئی. میں نے اپنے پچاس سینٹس واپس چاہیئے. برا اداکاری، غریب سکرپٹ رائٹنگ، ناقص سمت، تاریخی طور پر غلط، فلم کی بھی آواز خوفناک ہے. اس سے مشروط ہے کہ خفا معاملہ نہیں ہے. میں نے جو راز فلموں اور سچ جرم فلمیں بہت دلچسپ لگتی بہت سے ایک ہوں. موضوع کے تفصیل اور درستگی کے لئے بہت زیادہ توجہ کے ساتھ، زیادہ سنجیدگی سے علاج کیا، اور متاثرین اور ان کے تباہ دوستوں اور خاندان کے لئے دکھایا احترام کی کمی کی وجہ سے کسی کو پہیلی کرنے کے لئے کافی ہے. اس کے علاوہ، کوئی توجہ کسی کو عجیب رویے ایڈ Gein ان خوفناک جرائم باہر اداکاری میں نمائش کی گئی تھی کہ شروع کرنے کے لئے کی وجہ سے ہو سکتا ہے کے لئے ادا کرنے کے لئے بہت کم ہے. <br /> <br /> آپ کا وقت اور وویک کو محفوظ کریں. یہ خوفناک فلم نہیں دیکھتی. آپ نے اسے خریدا تو، آپ کو میری ہمدردی ہے. یہ اگرچہ ایک کل فضلہ نہیں ہے ... آپ کو پلاسٹک کیس کے ڈسک اور میک استعمال پھینک کر سکتے ہیں!,gein
خان صاحب میں 12 سال سے آپ کے ساتھ ہوں آپ میرا مکمل ریکارڈ چیک کرے لیکن افسوس میں ایک مزدور کا بیٹا ہو لیکن کبھی لوٹا نہیں بنا اور میں اللہ کی پاک کتاب قرآن پاک پر حلف لیتا ہوں PS. 82 سے مجھے ٹکٹ ملا مجھے سیواۓ موت کے آپ سے کوئی دور نہیں کرسکتا @ImranKhanPTI #USER# #URL#,12 ps 82 imrankhanpti user url
خُدایا کب تک اور کہاں تک میں تُجھ سے برابر رضا کی درخواست کرتا رہوں گا اور تُو مجھ میں کوئی صداقت اور وفاداری نہ پائے گا۔ فریاد!! اس خواہش سے جو مجھ پر غالب آگئی ہے، جِس دشمن نے مجھ پر قبضہ کرلیا ہے، دنیا میرے سامنے آراستہ ہوگئی ہے اور وہ نفسِ امارہ جو برائیوں کا حکم,
#USER# پیاز کی جیسی بد بودار تیری منہ ہے اور شکل خچر جیسی دنیا کا کرپٹ چور آدمی تجھے اس سب کا صلہ اللہ قبر میں دے گا انشا اللہ,user
#USER# #USER# کاش کہ یہ ممکن ہوتا۔ واپسی کے بدلے اللہ پاک کسی کی جان مانگتا تو مجھ سمیت لاکھوں پاکستانی حاضر ہوتے۔ کاش کہ ایسا ہوتا۔ @arsched,user user arsched
#USER# نئے سپہ سالار سے امید ھے کہ وہ عوام اور پاک فوج میں دوریاں ختم کرنے کیلئیے اپنا بھرپور کردار ادا کریں گے۔میرے دیس کی شان افواج پاکستان #اسلام_ہمیں_سکھاتا_ہے,user
#USER# نہ منظور پشتون غدار ہے نہ علی وزیر نہ۔۔نہ فاطمہ جناح غدار تھی۔۔غدار ایوب تھے، غدار یحییٰ تھے، ضیا تھے، مشرف ہے، کیانی ہے، باجوہ ہے، ہم قبائل انشا اللّہ جب بھی افغانستان ڈیورنڈ لائن اپنانے کی کوشش کرے گا ان کا بھرپور ساتھ دینگے، یہ ایٹم بم، یہ فوج آپ کو مبارک ہو۔,user
اس فلم کی کل بور ہے. Entrapment کی تمام پہلوؤں، پلاٹ، اداکاری، سٹنٹ، وغیرہ میں راستہ بہتر ہے پلس صوتی ٹریک سے سب سے زیادہ پریشان کن میں نے کبھی سنا ہے میں سے ایک ہے. میں نے صرف اسے چپ رہو فلم کو خاموش کرنے کے قریب تھا. 10 ستاروں کے 3 باہر ***,entrapment 10 3
میں نے اس فلم کو دیکھا تو میں نے سوچ سکتا تھا: کیا ایک آفت! نہیں میں آتش فشاں کے بارے میں بات نہیں کر رہا ہوں، لیکن فلم خود کے بارے میں. میں نے فلموں کی ایک بہت کچھ دیکھا ہے، لیکن یہ یقینی طور پر کبھی بدترین میں سے ایک ہے. میں اس حقیقت کے بارے میں پرواہ نہیں ہے شہر کے مرکز میں ایل اے کے نیچے نبرد ایک آتش فشاں ممکن ہے یا نہیں. شاید یہ نہیں ہے، لیکن اس سے بھی زیادہ ایک اچھی فلم ہو سکتی تھی ... لیکن یہ یقین نہیں ہے اور میں آپ کیوں اس بات کی وضاحت کریں گے. <br /> <br /> مجھے پتہ نہیں کتنی اضافی بہاؤ اوسط آتش فشاں سے باہر، لیکن اس فلم میں آتش فشاں سے Vesuvius، یٹنا اور ماؤنٹ Pinatubo مل کر ایک چھوٹا سا باربیکیو کی طرح نظر بناتا ہے کہ کیا مجھے پتہ ہے. مجھے نہیں لگتا کہ کبھی بھی اتنا لاوا ہم اس فلم میں دیکھتے ہیں کے طور پر ایک آتش فشاں سے باہر بہہ ہوا ہے. مجھے یقین ہے کہ ہدایت کار ان کی فلم پر خرچ کرنے کے لئے پیسے کی ایک بہت تھا رہا ہوں، لیکن وہ سب کے خاص اثرات پر خرچ کیا اور اسکرپٹ اور اداکاروں پر نہیں کیوں مجھے واقعی حیرت ہے. میں یہ نہیں کہہ رہا ہوں کہ وہ سب سے کاسٹ کی خدمات حاصل کرنا چاہئے تھا، لیکن یہ واقعی میں اچھا اداکاری کو فون کیا کے برعکس ہے. ان کی پرفارمنس بہت unbelievably غریب جو پوری فلم بھی بدتر ہوتا ہے کہ ہیں. <br /> <br /> اور آپ کو شاید اپنے آپ سے پوچھنا سکرپٹ بارے میں غلط کیا ہے. ٹھیک ہے، آپ مجھے بتا سکتے ہیں کے بغیر اضافی سے چند گز یا اس سے بھی چند فٹ کھڑے لوگوں کے خیال کے ساتھ آتا ہے جو جلا یا ہیت کو چھپانے کے لئے ہونے رہی؟ یا لوگوں کو زمین میں دھنستا اضافی کے بہاؤ بھی دو پاؤں زیادہ نہیں ہے جب؟ <br /> <br /> میں نے نہیں ہوگا میں نے اس طرح ایک سکرپٹ لکھا، لیکن بظاہر ہالی وڈ میں اسکرپٹ لکھنے والوں believability بارے اعتراض نہیں ہے جو اس کے اچھے پیسے ادا کرتا جب تک موجود ہیں پر فخر ہے تو یقین ہے! بہت اچھا پیسہ !!! <br /> <br /> آپ کی فلم دیکھتے ہیں تو آپ میرے ساتھ شاید مان جائیں گے کہ یہ ہالی وڈ کی بدترین آفت فلموں میں سے ایک، ایک 3/10 کے مقابلے میں نہ مالیت زیادہ ہے.,vesuvius pinatubo unbelievably believability 3 10
#USER# عنقریب ایک ہی رہ جائے گی انشا ء اللہ  P.T.I,user p t i
ٹی وی پر یہ دیکھا. مجھے خوشی ہے کہ میں نے یہ دیکھ یا رینٹل پر پیسہ خرچ کرنے کے لئے سینما جانے نہیں دیا ہوں. بدعنوان مالک اور یوجناکار سے، بل کھاتی بجلی کی کیبلز کے لئے - فلم مکمل طور پر امکانات ہے. پلاٹ واقعی کمزور اور ناقابل اعتماد ہے - ہمسھلن ماہر آدمی کو توڑنے ہمسھلن (اصل فوٹیج استعمال کرتے ہوئے) ہڈی کا ایک 20 فٹ کی لہر کی طرف سے مارا جاتا ہے اور وہ کیا کرنا ہے تمام کھڑے ہو جاؤ اور خود نیچے ہلا ہے. ایک ملین میل ایک گھنٹے میں نیچے ہمسھلن گرج اور سڑک کے کنارے پر مردہ روکتا ہے. <br /> <br /> اصل ہمسھلن مواد میں سے کچھ متاثر کن ہے اور اس کے تباہ کن طاقت سے ظاہر ہوتا ہے. لیکن حقیقی برفانی تودے اور نکالی چیزیں درمیان معاہدہ کی بھی flimsier اس فلم نظر ہوتا ہے. <br /> <br /> اپنے آپ کو ایک یہسان کرو، یہاں تک کہ ٹی وی پر اس ایک کے ساتھ فکر نہیں کرتے,20 flimsier
#USER# ڈیزل عالم نہیں بلکہ اقتدار سے بندھا ہوا کتا ہے۔ جو وزارت کیلئے کسی بھی حد تک گر سکتا ہے۔ عمران خان کو اپنے کمرے میں دیکھنے کی خواہش شاید فضل الرحمن کی بیٹی نے اور ماں کے ساتھ زنا کی خواہش فضل الرحمن کے بیٹے نے کی ہوگی۔ توبہ اس بد بخت کیلئے بھی لکھتے ہوئے ایسا میرے ہاتھ کانپے,user
"آپ آنکھ کینڈی کے لئے تلاش کر رہے ہیں تو، آپ کو اسکائی کپتان لطف اندوز ہو سکتے ہیں. اسکائی کپتان لائیو اداکاروں کے ساتھ انجکشن صرف ایک ویڈیو گیم ہے. visials میں پوری فلم کے دوران اچھا اور نظر کے لئے دلچسپ ہے. اب، یہ کہہ، انداز اسکائی کپتان میں صرف ایک ہی چیز اچھی ہے. <br /> <br /> دس منٹ کے بعد، میں نے تمام وقت کے بدتر فلموں میں سے ایک دیکھ رہا تھا جانتے تھے. مجھے امید تھی اس فلم بہتر ہو گا، لیکن یہ سود کے کسی بھی ڈگری حاصل کی ہے کبھی نہیں. تیس منٹ کے بعد، خواہش بڑھتی ہوئی اور بڑھتے باہر چلنا. اب، میں 2000 سے زائد فلموں کے مالک ہیں اور تعداد میں کہ شاید پانچ مرتبہ دیکھا ہے. پھر بھی اس نے اپنی پوری زندگی سے باہر چلنے کی طرح محسوس کیا صرف دوسری فلم ہے. <br /> <br /> قائم مقام --- کوئی نہیں ہے. تین اہم اداکاروں قابل رحم ہیں. جوڈے قانون (بھی دیگر فلم میں میں نے باہر چلنے کے لئے چاہتا تھا) عنوان کردار میں صرف خوفناک ہے. میں نہیں بلکہ ایک بار پھر گھڑی قانون کے مقابلے Gigli میں بین Affleck ذریعے بیٹھتے تھے. <br /> <br /> پالٹرو جو اس کے چہرے میں الٹا اثر ہو، campy کے ہونے کے لئے اتنا مشکل کی کوشش کرتا ہے. گزشتہ مضمون میں نے پڑھا تھا کہ پالٹرو گھر رہنے اور کیا جا رہا ہے ایک ماں کی بجائے اداکاری کے بارے میں سوچ رہا ہے. اس کارکردگی کے بعد، میں نے اس فیصلے کی تعریف کریں گے. <br /> <br /> کہانی --- ڈرامے بہتر لکھے جاتے ہیں. اسکائی کپتان کے پیچھے کی کہانی برا شروع ہوتا ہے اور اسے ترقی کے طور پر مسلسل بدتر ہو جاتا ہے. <br /> <br /> ہدایت --- کوئی بھی نہیں. سب کچھ خاص اثرات کہانی، اداکاری اور شدید مصائب برداشت ہدایت کہ میں ڈال دیا گیا تھا. یہاں تک کہ ""پریت لعنت"" بہتر اداکاری اور یہ کہ ایک بڑا سودا کہہ نہیں ہے تھا. <br /> <br /> میں نے یہ فلم ایک ""0"" ""10"" سے باہر دینے کے لئے ہوگا. تھیٹر کی قیمتوں کی ادائیگی سے بچنے اور ویڈیو ریلیز تک انتظار.",visials 2000 gigli affleck campy 0 10
"آسانی سے بہتر ہو سکتا تھا. اصل میں شاید اتنا تو فلم ساز بھی اس نے کیا کے طور پر مشکل کے طور پر کوشش نہیں کی تھی، تو یہ اصل میں بہتر ایک اچھی بات پر ہو سکتا ہے. <br /> <br />. روشنی کے علاوہ معقول ٹھیک تھا. لیکن کسی اور بہت زیادہ سب کچھ کمی تھی. ڈانواڈول کیمرے کا کام. (جی ہاں، ہاں، میں جانتی ہوں کہ اب سٹائل ہونا چاہیئے.) غیر تسلی بخش ریکارڈ شدہ آڈیو. اور اس میں ترمیم کسی نے دیکھا بھی کئی Ulli Lommel فلموں کی طرح لگ رہا تھا کہ (بدترین ترمیم کی فلموں میں سے کچھ ہیں.) یہ خلاصہ، فلم ڈائریکٹر / مصنف / کچھ نوجوان خواتین ننگے ہو جاؤ کرنے کے لئے اہم کردار کے لئے ایک معقول بنانے لگ رہا تھا جعلی غلامی میں ڈال، اور، ان کو ٹٹولنا کہہ جبکہ چیزیں ""دھمکی آمیز"".",ulli lommel
پہلا دور دانیال، وحی، متی 24، یسعیاہ اور دیگر پیشن گوئی صحائف کا مطالعہ کرنے کے ساتھ کچھ بھی غلط نہیں ہے. انجیل پیغام کو پیش کرنے کی کوشش کرنے کے لئے اس طرح ایک فلم بنانے کے ساتھ کچھ بھی غلط بھی ہے. لہذا اس فلم کے ساتھ میری باک اس کے اخلاص یا امنگوں یا تو میں نہیں ہیں. ایک عیسائی کے طور پر، ایک amillenialist اگرچہ، میں نے ایک بڑی مصیبت ہو جائے گا یقین رکھتے ہیں اور میں نے اس کو اس نے جتنا کہا مسیح واپس آ جائیں گے یقین ہے. میں نے اس فلم کم اتنا بندی کیوں کہ نہیں ہے بے خودی کے بارے میں اس فلم کے ساتھ اختلاف ہے تو اگرچہ. <br /> <br /> کوئی، کیا، اتنی کم اس کے اخلاص یا اس کے پیغام کو نہیں وہ میرے اس فلم کا ہوتا ہے لیکن بلکہ پیداوار اقدار کی کمی، خوفناک سکرپٹ معمولی اداکاری، اور قابل رحم FX. یہ فلم 1950s کے cheesiest لینڈ چارہ سے کچھ کے ساتھ وہاں نیچے نمبر پر ہے. نہیں، یہ فلم Outerspace سے Plan 9 کے ساتھ وہاں نیچے نمبر پر ہے. یہ فلم اچھی طرح عمر میں ناکام رہے اور شاید وہ ایک نتیجہ بنا دیا وقت کی طرف سے مورخہ کیا گیا تھا. <br /> <br /> Apocalypse کے سٹائل فلم کے پروڈیوسر کو اس کی طرف سے ایک آخر وقت فلم بنانے کے لئے کس طرح نہیں سیکھا جا سکتا تھا، لیکن وہ ناکام رہے. پیچھے سیریز بائیں، Apocalypse کی سیریز، اور ومیگا کوڈ سلسلہ تمام وہ FX مسائل اور تاریخ نظر مسئلہ خطاب کیونکہ اس سے سبق حاصل کرنے میں ناکام رہے، لیکن ان کی اسکرپٹ اب بھی غریب ہیں، اور ان کی اداکاری لکڑی ہے. <br /> < بی آر /> انتہائی کم بجٹ کے ساتھ عظیم مسیحی فلموں، ہیں، لیکن اس فلم کو ان میں سے ایک نہیں ہے. میں حیران ہوں MST3K عملے کو یہ ایک lampooned کیا کبھی نہیں.,24 amillenialist fx 1950s cheesiest outerspace plan 9 apocalypse apocalypse fx mst3k lampooned
"یہ اس بارکر گروہ کے ایک ""fictionalized"" اکاؤنٹ کو کال کرنے کی بھی قسم کی ہے. وہ حق ناموں کو مل گیا، لیکن اس سے اس بارے میں ہے. <br /> <br /> رسل، شہوت انگیز اب بھی ہے میں تمہیں وہ عطا کر لیں گے، لیکن یہ اصلی ما بارکر، جو بنیادی طور پر کھانا پکانے کی طرف سے لڑکوں کا خیال رکھا اور نہیں ہے کیا انہوں نے نہیں کی منصوبہ بندی یا جرائم میں شرکت کرکے، ملک بھر میں منتقل کر دیا جب مدد. میں نے اسے اس کے بچوں اور ان کے ساتھیوں کی مجرمانہ سرگرمیوں میں پکڑے ایک درمیانی عمر عورت کی اصل کہانی پیش کرنا کہیں زیادہ دلچسپ ہوتا لگتا ہے. <br /> <br /> میں نے بھی ان لوگوں کے مبصرین سے اتفاق ہے جو مکمل طور پر ناقابل اعتماد ہونے کے لئے باہر گولی مار مناظر پایا. بارکر / Karpis متاثرین معصوم کی اور قانون نافذ کرنے والے ایجنٹوں کو ان کا تعاقب کرنے والے کا ایک مجموعہ تھے، لیکن وہ یقینی طور پر نیچے نصف درجن ایف بی آئی کے ایجنٹوں کو ہر بار وہ گھیر کر رہے تھے گھاس کاٹنا نہیں کی. (دوسری طرف، کے طور پر کئی حالیہ کتابوں سے متعلق ہے، اس دور کا ایف بی آئی کو اس حد تک قانونی یا اکاؤنٹنگ پس منظر بہت سے ایجنٹوں بہت کم قانون نافذ کرنے والے یا آتشیں تجربہ تھا کہ سے آنے والے ایجنٹوں کے خیال پر زور دیا. وہ اچھی طرح سے نہیں تھے تربیت یافتہ ایجنٹوں ہم آج کی تصویر ہے.) <br /> <br /> لیکن سب سے بدترین گناہ فلم بنیادی طور پر ایک بور ہے کہ ہے. کوئی بھی تبدیلیاں کی، کوئی بھی اگتا ہے. ہم صرف نہیں جانتے جس شوٹ آؤٹ یہ ہو جائے گا. <br /> <br /> صرف مر مشکل رسل پرستار کے لئے جانتے ہیں کہ سڑک کے آخر آگے ہے.",fictionalized karpis
یہ ملک ہمارا ہے اور اس کی فوج بھی ہماری ہے۔ اگر فوج نے سیاسی دستکاری سے گریز کا ارادہ کیا ہے تو اس کا خیرمقدم کرنا چاہیے تاہم ’وصال یار فقط آرزو کی بات نہیں،۔,
"وفف - میں کیا کہنا نہیں ہے. یہ ایک فلم سنگسار ناظرین کے ایک گروپ کے ساتھ واقعی اچھا ایک ہو سکتا ہے. اداکاری سے کچھ جان واٹرس 'ابتدائی پرساد کی مجھے یاد دلایا. شاید میں نے اس کو واپس لینا چاہئے - میں نے ایک ڈائریکٹر / قصہ گو کے طور پر توہین واٹرس 'کی صلاحیت نہیں کرنا چاہتے ہیں <br /> <br /> میں خاص طور پر ""مکمل یقین اور ساکھ"" شق بارے لینے وکیل محبت کرتا تھا. یہ ""مکمل یقین اور کریڈٹ،"" راہ کی طرف! <br /> <br /> یہ بھی ""کانراڈ بوائز"" کے مرکزی اداکار بھی وغیرہ میں سے وہ لوگ چھانٹیں مصنف، ڈائریکٹر، فلم ایڈیٹر، ہے جہاں کی یاد دلاتی اس طرح کہ جیسے کثیر ملوث اپکرموں کو شاید سب بہت تجربہ کار فلم کے پیشہ ور افراد جنہوں نے اس طرح سے دور ھیںچو کسی چیز کو تکنیکی صلاحیت (ایک سٹنٹ ہی سہی، کچھ کہہ سکتا ہے) ہوگا کرنے کے لئے چھوڑ دیا جاتا ہے.",' '
حضرت  عمر بن خطاب  رضی اللہ سے روایت ہے کہ آپ صلی اللہ علیہ وسلم نے ارشاد فرمایا :جو شخص اچھی طرح وضو کرے اور پھر یہ پڑھے :أشهد أن لا إله إلا الله وحده لا شريك له، وأشهد أن محمدا عبده ورسوله، اللهم اجعلني من التوابين، واجعلني من المتطهرين،👇,
مندرجہ ذیل کے ساتھ دشمنی 2 کے ختم ہونے کے بارے میں سوچو: <br /> <br /> - ایک چرواہا - - ایک محبت کی کہانی - بار بار لفظ دھوپ کا کہنا ہے کہ ایک آدمی ہے جو سارہ مشیل Gellar خود کاٹنے - اور ایک عجیب عکس <بی آر / > <br /> OH اور پانی کے اندر سمندری جانور ... گرمیوں میں ... <br /> <br /> ایک اچھی فلم ہے ... میں نے سنجیدگی سے جو کچھ اس سے لطف اندوز نہیں کیا. فلم کے لئے پوسٹر انتہائی کے ساتھ ساتھ گمراہ کن ہے اور میں اسے دیکھ کر لوگوں کو چوستے کرنے کے لئے صرف تھا پتہ چلا ہے کہ ... مجھے یقین نہیں کہ میں چلا گیا. <br /> <br /> آپ کا وقت اور پیسہ ... جانے گھڑی دیکھا III ... ایک فلم کے لکھنے کو اس میں ... <br /> <br /> رکھا محنت بھی نہیں تھا آپ کی طرح محسوس ہوتا ہے جہاں میں محفوظ کریں مائیک اور آئی ایم باہر,2 gellar oh iii
سیاسی تنقید میں اداروں کو اور قومی شخصیات کو بیچ میں نہیں لانا چاہیئےامید ہے باقی تحریک انصاف کے کارکن بھی اس بات کا احساس کر لیں #URL#,url
"مجھے دونوں کے سینما گھروں میں اور گھر پر شاید 200 فلمیں ایک سال دیکھنے اور میں اعتماد کے ساتھ کہہ سکتے ہیں اس فلم اب تک سب سے بری نے اس سال دیکھا ہے کی طرف سے ہے (نہ کبھی، تاہم میں یہ نہیں اصل ""ڈیلٹا شورویروں کے کویسٹ"" دیکھا ہے تو ابھی تک). یہ فلم عمر 13 سال کے لئے تیزی لائی برا مذاق کے بعد صرف برا مذاق ہے اور میں تھا کیونکہ وہ ایک بس کے سفر میں باہر چل نہیں سکتا تھا پر یہ دیکھنے کی ناراضگی ہے. <br /> <br /> اپنے آپ کو ایک یہسان کرو اور اس کو چھوڑ دیں رینٹل گلیارے میں ایک. چار ڈالر بہتر جیری Bruckheimer کی طرف سے تیار تعداد کی طرف سے کسی بھی فلم پر خرچ کیا جا سکتا ہے.",200 13 bruckheimer
#USER# #USER# #USER# #USER# #USER# #USER# #USER# #USER# #USER# #USER# #USER# اللہ آپکو صبر جمیل عطا کرۓ یا اللہ ایسا واقعہ دوبارہ کبھی پیش نا آئے آمین ثم آمین 😭😭,user user user user user user user user user user user
شاید آپ لوگوں نے اللہ کا عذاب نہیں دیکھا ورنہ ایسی بات نہ کرتے ارو درتے أس وقت سے جب کا حکم ہو گا ارو تم لوگ کے پاوں کے نیچے سے زمین نکل جاے گی...یہ صرف کچھ وقت کی مہلت ہے سنبھل جاو پھر ٹائم نہیں ملے گا.. #URL#,url
"*""سلام الشجاع علیک یاامیر المجاہدینؒ""**•┈┈┈┈┈••✦TLP✦••┈┈┈┈┈•**_عزت اُسی کی ہو گی جو حضورﷺ کی عزّت کی بات کرے گا_*#Illegitimate_Israel #URL#",tlp illegitimate israel url
"میں نے اپنی پسندیدہ مزاحیہ کتاب ہیرو ٹیلی ویژن پر ہونے کے تصور پر حوصلہ افزائی کی تھی ... اور sorely کی آخر نتیجہ میں مایوس کیا. <br /> <br /> صرف ""حیرت انگیز"" چیز داخلے دیوار (کی مرئیت باوجود تھا کیبل). میں نے نک ہیمنڈ پیٹر پارکر تھا سوچا ہی نہیں تھا ... اور وہ آدمی مکڑی سوٹ میں سٹنٹ تھا جو اس سے مختلف تعمیر کے واضح تھا. آپ کو بتا سکتا ہے کہ وہ دو مختلف اداکاروں تھے. <br /> <br /> عطا، میں نے بھی جدید مکڑی مین فلموں میں ٹوبی Macguire کی طرف دیکھ رہا ہوں اور میں CGI کی طرف دیکھ رہا ہوں جب جب میں دیکھ سکتے ہیں. لیکن اس کے CGI کے ساتھ ایک تربیت یافتہ نظر اور تجربہ ورکنگ سے ہے. پھر بھی، 70 کے ورژن خصوصی FX کی کمی کے باوجود بہتر ہو سکتا تھا. <br /> <br /> جالے سے The Hokey تھے اور ان کے لئے چھڑی کی بجائے چیزوں کے ارد گرد لپیٹ کرنے کے لئے لگ رہا تھا کہ رسیاں طرح دیکھا. اور کیا اس میں کے ارد گرد سواری کے لئے ایک مکڑی موبائل دینے کے ساتھ تھا. ہیلو؟ انہوں ویب Slinger کی لوگوں ہے. <br /> <br /> معذرت ... تو اپ کام کیا، لیکن ہمارے پیارے دیوار کرالر بہتر مستحق حاصل کرنے کا مطلب یہ نہیں تھا.",sorely macguire cgi cgi 70 fx the hokey slinger
ﻧﮧ ﮨﯽ ﻣﻘﯿﺪ ﮐﺮﺗﮯﮨﯿﮟﻣﺤﺒﺖ ﻧﺎﻡ ہےﻧﻔﺮﺕ ﮐﯽ ﺑﻨﺪﺵ ﺳﮯ ﺭﮨﺎ ﮨﻮﻧﺎﻣﺤﺒﺖ ﻧﺎﻡ ﮨﮯﺩﻝ ﮐﮯ ﻗﻔﺲ سے ﺁﺭﺯﻭ سےﺁﺯﺍﺩ ﮐﺮﺩﯾﻨﺎﺗﻮ ﭘﮭﺮ ﺍﯾﺴﺎ ﮐﺮﻭ ﺗﻢ ﺑﮭﯽ!ﭘﺮﻧﺪﻭﮞ ﮐﻮ ﺭﮨﺎ ﮐﺮﺩﻭﺍﻭﺭ ﻣﭩﮭﯽ ﮐﮭﻮﻝ ﮐﺮ👇,
عنوان، تبدیلیوں بالکل کسی بھی اچھے تھے تو جو اتنا برا نہیں ہو گا میں سے ایک لفظ کے لئے مریم شیلے کی کہانی کو حقیقت سے لاٹھی 'Frankenstein کی لعنت ہے'. Frankenstein کی خاندان تباہ مخلوق کے سانحے کو مکمل طور پر excised اور ساتھ ... کچھ بھی نہیں تبدیل کر دیا گیا ہے. دل اور کہانی کا اخلاقی مرکز چلا گیا ہے. ایسا لگتا ہے کہ اس میں Frankenstein ایک conniving کے، کپٹی قاتل ہے نہ مدد کرتا ہے؛ وہ ہو جاتا ہے ہر چیز کا مستحق ہے. پلاٹ بنیادی طور Frankenstein کے clichés میں سے ایک اتلی چیک لسٹ ہے. یہاں تک کہ اس کی اپنی شرائط پر لے لیا ہے، اس قسم کی معمولی ہدایات ہے: ایک کھیر کٹورا بال کٹوانے کے ساتھ ایک shite نظر مخلوق کی خاصیت ایک کمزور، بے خودی فلم. یہ ہتھوڑا کی ہارر فلموں، Terence کی فشر کی طرف سے ہدایت کی اور پیٹر Cushing اور کرسٹوفر لی ابنیت کے پہلے ہے کے طور پر، ہارر تاریخ میں اس کی جگہ محفوظ ہے. لیکن یہ گھٹیا ہے.,'frankenstein ' frankenstein excised frankenstein conniving frankenstein clich s shite terence cushing
"Eastenders مکمل طور پر انتہائی پست اب 1985 میں unmissable میں سے مکمل دائرے چلا گیا ہے. اس قوم کی اتنی بری عکاسی اس گھٹیا درجہ بندیوں میں سب سے اوپر ہے. <br /> <br /> پلاٹس خیالات ایک ٹوپی میں کبھی کرداروں کے نام ڈال سے زیادہ معمولی کچھ بھی نہیں پر مشتمل ہو سکتا ہے. پہلے دو باہر (قطع نظر ان کی جنس کے) ایک دوسرے کو، 3rd کی اور 4th کے باہر کے ساتھ سو جائے گا اخت میں ایک جنگ پڑے گا، 5th کے ایک کے 6th کے ایک عادت ترقی کو گرفتار کیا جائے گا، 7th کے حاصل حاملہ وغیرہ وغیرہ <بی آر /> <br /> پروڈیوسروں ہوشیار اگرچہ ہیں. 30 منٹ شو صرف اصل میں کبھی 3 لائنوں پر مشتمل ہے. <br /> <br /> 1) کسی نے اخت میں چلنے اور کہیں گے ""پر چل رہا ہے کیا؟"" 2) کسی اور کا کہنا ہے کہ کھڑے ہو جاؤ گے ""AHT اسے چھوڑ"" () 3) اس کے بعد ایک عورت کہیں گے ""حکمت 'این' توہین ایم اے fam'ly پہلے میں آئے CHOO"" <br /> <br /> بس. یہ ہر شو ہے. علاوہ کبھی کبھار ""اسے حاصل چھانٹیں-ID / اسے چھانٹیں-ID ہے؟"" <br /> <br /> شو ایک بار ایسٹ اینڈ لوک & زندگی کے ان کے راستے کا ایک حقیقت پسندانہ چترن تھا. 1) وہ ایک ہفتے میں دو راتیں اور 2) سلیٹر خاندان کو تبدیل کر دیا سے اسے بڑھا دیا جب buffers کے دور آیا. وہ کس طرح کے ناظرین کو اپنی طرف متوجہ مجھ سے باہر ہے. Kat کی کردار کسی اور علاج کسی چیز وہ اپنے جوتے کے نچلے حصے سے دور نکالا ہے جیسے، معاشرے کے ساتھ گئی غلط ہے کہ سب کچھ کی علامت ہے. <br /> <br /> لوگ، اس کے بہترین کردار ووٹ ڈالنے والے ان انتخابات میں لازمی طور پر ایک ہی والوں حقیقت کے باوجود انہوں نے 3 سال کے لئے ایک کھیل کھیلا نہیں کیا ووٹ جیمی Redknapp نے 'بہترین کھلاڑی' ہے. <br /> <br /> شو کیوں سب کر برطانوی ٹی وی کے سربراہی ہے تو کیا میں نے کبھی نہیں سمجھ سکتا ہے سب سے بڑا ناموں چھوڑ دیں؟ راس کیمپ، مارٹن کیمپ، فہرست لامتناہی ہے. <br /> <br /> طویل ترین جوڑے کی شادی کب تک جاری رہی ہے، ان کو ایک دوسرے کے وفادار ہونے کے ساتھ؟ جی ہاں، لوگوں کو چھوڑ، لیکن جب تک اسکرپٹ لکھنے والوں جو کہ حروف کا احساس، جوڑے شو کے ارد گرد سو خراب کرنے کے لئے جاری رہے گی بغیر دلچسپ اور دلکش ہو سکتا ہے. ایک واقعہ گزشتہ ہفتے بالکل اس کے 3 الگ الگ پلاٹ پڑا. اور ZOE اور ڈاکٹر سب بھی بلند و بالا اور 'شیل' 'کے طور پر سب سے زیادہ ناقابل یقین جوڑے کبھی ٹی وی پر دکھائے جانے.' <br /> <br /> ہاں، Eastenders سب سے زیادہ دیکھا شو، thats کے نروئواد ہے. لیکن بہت سے بیرونی عوامل کہ میں شراکت. 19.30 / 20.00، سب سے زیادہ سامعین شخصیات حاصل کرنے کے لئے دن کے بہترین وقت ہے یہ ناظرین کے لاکھوں، اسے دیکھنے زیادہ عادت کے مقابلے میں کچھ بھی نہیں کے باہر 2 گھنٹے کے لئے ایک تمام ایڈیشن ہے، اور اس سے زیادہ مگر وہ مکمل طور پر ایماندار تھے تو خود کے لئے، وہ (2002 میں، پہلے سے زیادہ)، یہ بالکل قابل رحم ہو سکتا ہے کہ تسلیم کریں گے.",eastenders 1985 unmissable 3rd 4th 5th 6th 7th 30 3 1 2 aht 3 ' ' fam'ly choo id id 1 2 buffers kat 3 redknapp ' ' 3 zoe ' ' ' ' eastenders thats 19 30 20 00 2 2002
میں وزیراعظم شہباز شریف کے نئے لگائے گئے آرمی چیف جنرل سید عاصم منیر کو پاک افواج کی کمان سنبھالنے  پر مبارکباد پیش کرتا ہوں اور امید کرتا ہوں کہ وزیراعظم شہباز شریف صاحب کا یہ فیصلہ پاکستان کے تحفظ اور امن و امان کے لیے خوش آئند ثابت ہو گا۔انشاءاللہ,
مسٹر موٹر گیمبل ایک منصفانہ براہ راست آگے پلاٹ ہے - ایک باکسر ایک پراسرار زہر کے ساتھ رنگ میں قتل کیا جاتا ہے جب، یہ کیس حل کرنے کے لئے اس سے بھی زیادہ پراسرار مسٹر موٹر پر منحصر ہے <br /> <br /> میں ہوں. نامہ پر مسٹر موٹر گیمبل کے لئے مثبت جائزے کی تعداد میں حیران. میرے پاس چونکہ ... ٹھیک ہے، میں نے اسے انتہائی مایوس کن پایا. میں نے مسٹر موٹر لطف اندوز اور میں چارلی چان سے لطف اندوز، لیکن میں نے دو کے اس mish- سانی کے لئے دیکھ بھال نہیں کہہ سکتا. مسٹر موٹر گیمبل کے پیچھے کی کہانی سے نا واقف لوگوں کے لئے، یہ اصل میں ایک چارلی چن فلم ہونے کا ارادہ کیا تھا. لیکن وارنر اولاند حمایت یافتہ آؤٹ ہونے پر، مناظر اور کارروائی کے کچھ پیٹر Lorre اور مسٹر موٹر لئے دوبارہ کر رہے تھے. میں نے اس بات کا اشارہ کے طور پر، آخر نتیجہ بائیں مجھ سے underwhelmed. مسٹر موٹر چان نہیں ہے. انہوں نے کہا کہ زیادہ پراسرار ہے، وہ زیادہ اتھلیٹک ہے، اور وہ زیادہ غیر ملکی ہے. چنانچہ ایک چان فلم میں گرم، شہوت انگیز ڈال کرنے کے لئے ہے ایک گول سوراخ میں ایک مربع پت فٹ کرنے کی کوشش کی طرح کی کوشش کر رہا ہے - یہ کام نہیں کرتا. اور Lorre کو سننے / MOTO چان کی ٹریڈ مارک euphemisms میں سے ایک فراہم کرنے کے لئے صرف پاگل آواز ختم ہو جاتی ہے کوشش کریں. حقیقت یہ ہے کہ تقریبا 10 منٹ پہلے سے ہی بریف کہ 72 منٹ رن ٹائم باکسنگ کے مناظر (کچھ ہے کہ مجھے سے لطف اندوز کرنے کے لئے لگ رہے ہو کبھی نہیں) سے بنا ہوتا ہے اور آپ کو ایک فلم کے ساتھ ختم ہو کہ مجھے مدد کی لیکن ناپسند نہیں کر سکتے تھے میں شامل کریں. میں نے کچھ مثبت کہنا ہے تو مجھے Keye لوقا کی کارکردگی کی طرف اشارہ کریں گے. لیکن پھر بھی وہ معذرت میری آنکھوں میں مسٹر موٹر گیمبل بچانے کے لئے قریب کافی نہیں ہے. <br /> <br /> لیکن ایک 4/10 میں یہ ایک دے سکتے ہیں سب کے بارے میں ہے.,mish lorre underwhelmed lorre moto euphemisms 10 72 keye 4 10
#USER# اپنے لئے بھی دعا کیا کرو، اللہ آپ کی بیماری دور کرے۔,user
جائزے کو پڑھنے کے بعد مجھے ایسا پتہ چلا کہ میں واحد شخص اس فلم میں بہت مایوس تھا جو نہ ہوں راحت محسوس کر رہا ہوں! میں نے ایک بار سے ان میں سے اکثر ایک بہت بڑا نکولس Sparks کی پرستار ہوں، ہم سب ان کتابوں میں پڑھا ہے. یقینا میں نے نوٹ بک اور سیر یاد رکھیں کرنے کے لئے ... میں نے ابھی تک میں نے ان لوگوں کو ... <br /> <br /> لیکن میں نے کیا تھا پر تبصرہ نہیں کرسکتے لہذا Rodanthe میں ایک بوتل یا راتوں میں پیغام دیکھا ہے سے محبت کرتا تھا پیارے جان دیکھیں یہ گزشتہ ہفتے کے آخر میں جائیں اور مجھے بہت پریشان کر رہا تھا! فلم بالکل اچھا نہیں تھا! اکیلے فلم کو دیکھ کر جب، اور بالکل کتاب کے بارے میں نہیں سوچ، یہ اب بھی ایک خوفناک فلم تھی. میں نے جلدی حاصل کرنے اور اس فلم کے کہ میں دوسرے کی فلموں میں مزہ آیا، خاص طور پر نوٹ بک سے مل گئی ہے سے جذبات کی حد نہیں تھی. میں مسکرا رہا تھا نہیں اور ہنستے اور روتے ہوئے اور پریشان اور خوفزدہ ... کبھی! بہت سے سب میں نے نوٹس کر سکتے تھے ابتدا سے کیا گیا تھا کہ کس طرح انہوں نے سب کچھ بدل گیا! اس فلم کے بارے میں صرف ایک ہی چیز کتاب کی طرح ہے کہ صرف کے بارے میں ہے فوج میں ہے جو جان نامی ایک آدمی ہے اور کون نہیں ہے سوانا نامی ایک لڑکی .... اپنے والد کے بارے میں حصہ سککوں کے ساتھ پاگل کیا جا رہا ہے کہ وہاں ہے دوسرے حصہ کتاب کے ساتھ ساتھ چلا گیا ہے. باقی سب کچھ مکمل طور پر بند تھا !!!! سب سے پہلے، کتاب میں، ایلن ٹم کے چھوٹے بھائی، نہیں اس کے بیٹے کا تھا! وہ اس کو تبدیل کرنا پڑا کیوں، مجھے سمجھ میں نہیں آتا. یہ کتاب میں کس طرح چلا گیا یہ ایک بہت زیادہ احساس بنا دیا ٹم صرف تھوڑا سوانا سے زیادہ پرانے کاٹا اور انہیں ایک دوسرے کے ساتھ پلا بڑھا تھا جب اور ایلن گھوڑوں اور آٹسٹک بچوں کے ساتھ کام کرنے کی خواہش کے لئے سوانا کی مثال تھا .... کہ ایسا نہیں ہوا فلم میں .... اہ ... اور کتاب میں وہ بہت زیادہ وقت ایک دوسرے کے ساتھ صرف ان لوگوں کے ابتدائی 2 ہفتوں کے مقابلے میں گزارے اور پھر 1 رات ... کیوں وہ ان اوقات سے باہر چھوڑ دیا ؟؟؟ میں پر اور پر اور پر جا سکتے ہیں لیکن پھر میں جگہ ختم ہوتی! تو بنیادی طور پر، آپ نکولس چنگاریوں کا ایک بڑا پرستار ہیں، تو اس فلم پر اپنا وقت یا پیسہ برباد نہ کرو ... صرف کتاب دوبارہ پڑھا ... اس کتاب کی طرح خوفناک اور کچھ بھی نہیں ہے کیونکہ!,sparks rodanthe 2 1
ہم سب ایک خاص چیز کی خواہش ضرور کرتے ہیںپر جس وقت ہم اس چیز کی تڑپ میں ہوتے ہیں تو وہ ہماری پہنچ میں نہیں ہوتیاور جب ہماری خریدنے کی استطاعت ہوتی ہے تو وہ چیز موجود نہیں ہوتی یا پھر اب کی بار ہماری رغبت ختم ہو جاتی ہےاسی طرح زندگی میں بہت کچھ صرف دیکھنے کی ہی حد تک ہوتا ہے,
وہ اتنے فاصلے پر تھا کہ مسلمانوں کے تیر وہاں تک نہ پہنچ پاتے۔ مجبورا اسے اس کے انجام سے دوچار کرنے کے لیے قلعہ فتح ہونے کا انتظار کرنا پڑا۔ جبکہ مسلمانوں کی خواہش تھی کہ اسے ایک لمحے سے پہلے جہنم رسید کر دیا جائے۔یعقوب بن جعفر کہنے لگے: ان شا اللہ میں اسے واصل جہنم کروں گا 👇۔,
دھونس دھمکیاں،دباؤ ،لالچ ،حملے ہر حربہ استعمال کیا گیا لیکن مولانا صاحب کو زیر نہیں کیا جا سکا جمعیت ان شإاللہ ہر دور میں باطل اور لادین قوتوں کا راستہ روکتی رہیگی #MaulanaInKohistan,maulanainkohistan
آرزوۓ وصال کے آگے زندگی کتنی مختصر ٹھہری...کچھ نہ ٹھہرا جہانِ گرداں میں ایک تیری آرزو، مگر ٹھہری...🍁❤❤❤,
"اور تم جانتے ہو کیوں؟ کیونکہ انہوں نے سوچا (یا کم از کم بنایا ہارر شائقین کو لگتا ہے) قابل نفرت، گندے والا، چللا نوعمر افراد کے ایک گروپ ہے، کچھ پاگل شیاطین (کہاں وہ آئے کس سے؟ ان کے مقاصد؟ کون جانتا ہے؟) اور ایک سیاہ حویلی ہیں آپ کو ایک ہارر فلم بنانے کی ضرورت ہے. کہنے کی ضرورت نہیں، وہ غلط تھے. آپ یہ بھی ایک سکرپٹ ہے، کچھ منطق، کچھ شرائط ہیں، اور کچھ ایجاد کی ضرورت ہے. یہ فلم اس کی شہرت (لپسٹک منظر، کورس کے) تک رہتا ہے کہ ایک منظر ہے، اور مضحکہ خیز لمحات کے ایک جوڑے (اپنی ماں کے کوکیز کا بچہ بھائی کی تفصیل، Linnea کی کوئیگلے کے منظر ""مجھ پر نظر نہیں ہے""). یہ بھی میں نے گزشتہ دیکھا ""ذخیرے کتے"" کے بعد دیکھی گئی کسی فلم سے زیادہ تحقیر ہے. لفظی ہر چوتھے یا پانچویں لفظ ایک ""F ***"" یا ایک ""B ****"" ہے. پھر، ایک فلم FOUR اپنے پہلے 5 منٹ میں جھوٹے ڈراتا ساتھ شروع ہوتا ہے جب، آپ کو کچھ بھی اچھا فلم سازی مشابہت کی توقع کرنا نہیں جانتے. (* 1/2)",linnea f b four 5 1 2
#خاتم_النبیین_محمدﷺسیشن: #شان_اولیاءِکرام_رحمتہ_اللہ_علیہمفخر حاصل کرنے کا موقع حاصل ہو سکے اس سے معلوم ہوتا ہے کہ حضرت رابعہ بصری رحمتہ اللہ علیہا رضائے رسول اکرمﷺ️ کی طالب تھیں اور یہ آرزو رکھتیں تھیں کہ ان کی وجہ سے4,4
#USER# بھائ آپ نے اپنی یہ اپنی ٹائیم پے لکھا ھے کیا آپ کو اپنے الفاظ پر یقین نہیں یا آپ بھی نیازی ھیں کی طرح یوٹرن لے رے ھیں۔؟ آپ نے جو لکھ دیا وہ کافی ھے ان کے لیے۔۔ جزاک اللہ #URL#,user url
"آپ کا وقت برباد نہ کرو. پلاٹ کھینچ لیتا، حروف لکڑی اور uninteresting ہیں، ان کے اعمال کی منشا مکمل طور indecipherable ہیں. ""رومانٹک"" یا ہونے کے لیے ""مزاحیہ"" کے لئے انتظار کرتا رہا، اور کچھ بھی نہیں ہوا. بدتر ابھی تک، محبت خط بھی رومانٹک نہیں ہے، لیکن اس کی طرح آواز ایک ڈیڈ لائن بنانے کے لئے بیتاب کسی کی طرف سے لکھا گیا ہے. میں نے ذکر ""پلاٹ موڑ"" جو ہم نے فلم میں 15 منٹ سے آتے دیکھا، ""ہالی وڈ ہوشیار"" تھا اس کے معنی یہ جھٹکا کرنا ہے، لیکن ہالی وڈ دیا mentality- ایسا کچھ بھی نہیں کرتا ہے، اور اس کی بجائے مبہم طور پر جارحانہ ہے کیا. <br /> <br /> یہ قابل بھی کرایہ پر $ 2 ہے. یہ دیکھ کر پریشان نہ کرو.",uninteresting indecipherable 15 mentality 2
میں نے اس فلم کے لئے کچھ امید تھی اگرچہ میں جیسن Segel (شیطان اور گیکس، اگھوشیت) اتنا کا اداکاری سے لطف اندوز خاص طور پر کے بعد سے، میں نے اس میں حالیہ یاد (ہارا اور ڈاکٹر ٹی میں دیکھا ہے بدترین فلموں میں سے ایک تھا یہ کہنا ضروری اور خواتین کی فہرست میں بھی ہیں). <br /> <br /> ہاں، فلم میں بہت زیادہ بہتر ہو سکتا تھا اگرچہ، لاؤڈ لمحات باہر ہنسی کے ایک جوڑے تھے. بنیاد ان کی میچ کالج ملو ذریعے ان کے راستے دھوکہ دے جب وہ ان کے لئے ایک تجویز کے ساتھ کسی کی طرف سے دریافت کر رہے bad- اسکینڈل فنکاروں نہیں تھا. مسئلہ حروف، سب اتنی unlikable تھے کہ میں ان میں سے کسی کی پرواہ نہیں تھی کہ ہے. blackmailer (باصلاحیت جیسن Schwartzman کی طرف سے ادا کیا) اس طرح ایک منوروگی جو کریم ہے کہ وہ ایک خاص طور پر مضحکہ خیز یا دلکش انداز میں الجھا ہوا نہیں تھا کو دیکھنے کے لئے مضحکہ خیز ہے، وہ اصل میں نہیں بلکہ خطرناک تھا جو صرف ایک پاگل ہارے ہوئے تھے کہ نہیں تھا اور دیکھنے کا مزہ نہیں. فلم کی ایڈیٹنگ جو فنتاسی اور حقیقت کے درمیان کاٹنے رکھا follow-- مشکل تھا اور یہ تھا جس جو اکثر غیر واضح تھا. صرف دو یا گروہ کے گھوٹالے کے تین واقعی دکھایا گیا ہے، آپ کو صرف یہ ہے کہ وہ اپنی اسکیموں دکھا artists-- یقینا اسکینڈل تھے ایمان پر لینے کے لئے ایک بہتر فلم کے لئے بنایا جائے گا تھا. نام نہاد محبت کی کہانی حقیقت میں یہ احمقانہ اور غیر تسلی بخش لکھا گیا ہے اور پورے ہدایت کی تھی، مضحکہ خیز اور ناقابل یقین تھا. میں نے فلم کی کوتاہیوں کے بارے میں جا سکتے ہیں، لیکن آپ کو اندازہ ہو. قابل نہیں $ 4 رینٹل یا گیس جو کرایہ پر کرنے اور فلم سٹور سے گاڑی چلانے کے لئے لیتا ہے!,segel bad unlikable blackmailer schwartzman follow artists 4
اسلام علیکماللہ تعالیٰ آپ سب کی زندگیوں میں آسانیاں پیدا کرے ہمشہ خوش اور آباد رکھے اپنوں کے ساتھ آمینصبح بخیر زندگی #URL#,url
#USER# بے شک ان شا اللّه آمین جزاک اللّه بھائی 🌻🌻☺#TLP_Promotion,user tlp promotion
#USER# سلمان صاحب اک جالندھر والا جرنیل گیارہ سال کڈ گیا سی، تے اے وی پچھوں جالندھر دے نیںاللّہ ای خیر کرے.,user
میں نے ابھی اس فلم کو دیکھا. مجھے soundtrack.I وآلہ پہلا ٹریلر کو پسند کیا اور شاندار تھا، تمام ہالی وڈ کی فلموں کی طرح، وہ جانتے sell.But کو فلم تقریبا خوفناک ہے سب سے پہلے 30 منٹ کے دلچسپ ہیں، لیکن پھر .... کہ کس طرح تقریبا تمام نئی فلموں کی طرح وہ اس کو اڑانے. اس بچے مر گئے کیوں ؟؟ ایک کہاوت، ہر NIGGA کے 'فلم ایک بچہ ہونا ضروری ہلاک کیا جائے ہے میں نے خیال حاصل نہیں ہے، اور سب اچھا ان death.LOL.I بعد کیا تعلق ہے سمجھ میں نہیں آتا بننا چاہئے فلم کے ساتھ ... اور تو امکانات، آپ کو اس فلم میں بہت پہلے minutes.Nothing نئے سے آخر جانتے جاتا ہے. میں نے دیکھا 'تمہیں خدمت کر لی' ایک ہی خیال بلکہ ... کچھ نیا ... اس 'شہد' کی طرح کچھ ہے، لیکن اگر آپ کوئی دوسرا آپشن یہ مووی دیکھنے پڑے them.If درمیان تھوڑا سا فرق نہیں ہے، لیکن اس بات کا یقین آپ کو لینے کی آخری آپشن ہے. اور کوریوگرافی پہلے سب کچھ کے مقابلے میں سب سے زیادہ ہے. یہ ایک بات کا یقین کے لئے ضرور دیکھیں نہیں ہے ...,soundtrack i sell but 30 nigga ' death lol i minutes nothing ' ' ' ' them if
"میں نے اس فلم نشر جب فلوریڈا میں vacationing یاد ہے. میں نے اسے ریکارڈ کرنے کے لئے میری ویسیآر قائم کیا تھا. پرتیاشا مجھے قتل کیا گیا تھا. میں نے فلم کے بارے میں نام سے جانا جاتا تھا تب سے یہ ایک سال پہلے کے کچھ نصف اعلان کیا گیا تھا. ہم 4 دن نشر فلم کے بعد فلوریڈا سے واپس آیا، اور میں نے اسے فوری طور پر دیکھا. مجھے یہ پسند کرنے کے لئے کر سکتا تھا کے طور پر مشکل کے طور پر کرنے کی کوشش کی، لیکن میں نے ایسا نہیں کیا. <br /> <br /> میں نے ایک بہت بڑا 3 کٹھ پتلیوں پرستار ہوں. اور جیسا کہ میں نے ان کے بارے میں بہت تھوڑا سا جانتے ہیں. تو یہ میں نے فلم سے کچھ بھی سیکھنے کے لئے امید کر رہا تھا جیسے نہیں تھا، اور میں نے نہیں کیا. میں نے تصویر کشی سے زیادہ دلچسپی اور دیکھ ان کی معلومات کو کس طرح درست تھا. اس فلم کے ساتھ غلط کئی چیزیں تھیں. اداکار، اسکرپٹ، reenactments، سب بہت بہتر ہو سکتا تھا. <br /> <br /> پال بین وکٹر ایک بہت باصلاحیت اداکار ہیں. لیکن کے چہرے حقائق بتائیں، Moe میں ہاورڈ ان کی پہنچ سے باہر طریقہ تھا. انہوں نے کہا کہ اس کی طرح نظر نہیں آتی ہے، وہ اس طرح نہیں لگتی، اور اس طرح، وہ اس طرح کام نہیں کر سکتے. جب گھوبگھرالی کہ میں بیمار ہے وہ بہت اچھا کیا بن جاتا ہے، اگرچہ مائیکل Chiklis بھی بہت باصلاحیت ہے، لیکن گھوبگھرالی ان کے پیش بالکل میرے ساتھ اسکور نہیں کیا تھا. Shemp کی جان Kassir کے چترن بہتر پڑھی جاتی ہو سکتے تھے. یہ ایک چترن کے مقابلے میں ایک برا تاثر کی زیادہ تھا. سب سے بدترین جو Besser تھا. انہوں نے اس پتلی بنا دیا، اور وہ واقعی تھا کے مقابلے میں زیادہ پریشان کن. یہ صرف سادہ آلسی تھا. میں نے فلم کی وضاحت کرتا ہے کے طور پر، کیونکہ وہ شاید ہی کبھی مارا گیا، جو شارٹس پسند نہیں کرتے. لیکن وہ اس پریشان کن نہیں تھا، اور یقینا ہے کہ پتلی نہیں تھا. بہترین کارکردگی کوائف ہینڈلر سے تعلق رکھتا ہے. انہوں نے کہا کہ سب سے صحیح کٹھ چترن تھا. لیری کے کردار کے ساتھ مسئلہ، اس کے بالوں جس طرح بہت frizzy اور راستہ بھی سرخ ہے. مجھے یقین ہے کہ، بہت سے تکنیکی ہے میں نے اس فلم کی طرح کیوں نہیں کی میرے لسٹ پر ہے کہ شمار نہیں کرے گا تاکہ پتہ ہے. <br /> <br /> Shemp، صرف اس لئے میرا پسندیدہ کٹھ پتلی بننے کے لئے ہوتا ہے جو پر جایئے. وہ ایک رونا، quivering، چکن کے طور پر لکھا ہے. یہ درست ہے کہ وہ بہت خوف کے امراض تھا، لیکن وہ اتنا برا نہیں تھا. انہوں نے کہا کہ اس نے اس طرح نہیں کیا، اگرچہ، کیونکہ وہ ٹیڈ Healy کی کا ڈر تھا ابتدائی طور پر گروپ نہیں چھوڑا، اس نے ایک اور سٹوڈیو سے ایک کی پیشکش موصول ہوئی ہے کیونکہ کہ وہ صرف نیچے تبدیل نہیں کر سکتا Shemp چھوڑ دیا. سچائی کی بجائے، اس فلم نے اس کم نہیں لیری پر، بستر گیلا ایک الماری میں چلانے، اور شرمناک گروپ سے باہر رکوع بنانے کے لئے انتخاب کرتے ہیں. ایک اور مسئلہ دکھایا گیا ہے کے طور پر گھوبگھرالی ایک کٹھ پتلی کے طور پر کیا Shemp تقریبا طور پر بہت کولمبیا شارٹس بنایا ہے، لیکن اپنے پہلے مختصر تھا جس میں صرف ایک، ڈر رات،،. اپنے کیریئر تقریبا مکمل طور پر نظر انداز کر دیا گیا تھا. پلس، ناقص ایڈیٹنگ ایک خوفناک اور سب سے زیادہ ناقابل معافی غلطی کی وجہ سے. Shemp ابتدائی 1895 میں پیدا ہوئے، اور دیر 1955. عمر کتنی موت پر اس کے بنانے کے کہ میں مر گیا تھا؟ ویسے، یہاں، ایک اشارہ ہے جو 59 فلم ریاستوں کے طور پر نہیں ہے. <br /> <br /> اب تحریری طور پر، مجھے لگتا ہے کہ جس میں اس فلم سے باہر لے جایا گیا تھا کیونکہ صرف ناقص تھا. لائنوں میں سے کچھ گونگے ہیں اور تیار کیا جا سکتا ہے اور / یا وہ تھے کے مقابلے میں بہت بہتر متعارف کرایا. ایک ہی لائن میں واقعی، مجھے فلم کے آخر میں تھا مل گیا ہے کہ Moe کی پروموٹر eyepoke کیا جاتا ہے کہ کس طرح دکھایا جا رہا ہے جب. <br /> <br /> ""یہی وجہ ہے کہ ہم ایسا کس طرح، پیشانی ہڈی کے ساتھ رابطہ، آنکھیں نہیں، حقیقی اگرچہ فلم پر لگ رہا ہے. "" اس لائن کو غیر تسلی بخش لکھا گیا ہے اور غیر تسلی بخش فلم میں رکھا. اس سامعین OH کہنا بنائیں کہ ان خطوط میں سے ایک ہونا ہے! amazement میں اور مجھے یقین ہے کہ یہ کچھ لوگوں کے ساتھ کیا تھا، لیکن فلم کے اختتام اس لائن کے لئے جگہ نہیں تھی. ایک بہتر جگہ تم سے پوچھنا؟ کس طرح وہ پہلی مرتبہ کولمبیا میں ظاہر اور صوتی اثرات مشین کو متعارف کرایا جاتا ہے جب کے بارے میں. میں ابتدائی طور پر eyepoke لئے کوئی آواز نہیں تھی معلوم ہے، لیکن مثال کے طور پر Moe میں، نے کہا کہ ہو سکتا تھا ""کیا اس کے بارے میں؟"" اور eyepokes گھوبگھرالی یا لیری. جولس وائٹ پھر کہنا ہے کہ ""کیا تم ٹھیک ہو؟"" یا ""تمہیں کیسے کہ سکتا ہوں؟"" اس فلم کا ایک واضح نشانی سکرپٹ باہر جایا گیا ہے جس میں غلط لائنوں کی ایک بہت تھے. کہ کسی ایک برے کے طور پر نہیں ہے، اگرچہ ایک اور ایک، نام Shemp کی اصل ضرورت ہوتی ہے، اور مجھے یقین ہے کہ ایک سلائڈ دیں گے تاکہ. <br /> <br /> کیا اس فلم کے ساتھ ساتھ کیا کرتا ہے؟ اس کے کٹھ پتلیوں کولمبیا، جس میں وہ تھے کی طرف سے خراب کیا گیا تھا کہ کس طرح کی وضاحت کرتا ہے. مجھے Moe میں کچھ کام لڑکا تھا، لیکن ہے کہ ان کے ساتھ ناظرین ہمدردی حاصل کرنے کے لئے مراد ہے کہ dramatization کے سامان کی طرح تھا اس بات کا یقین تو نہیں ہوں. مجھے پتہ ہے یہ فلم ایک dramatization تھا. میں نے سب کچھ نہیں کرکرا اور صاف اور بالکل کامل ہونے جا رہا ہے جانتے ہیں. تاہم کچھ چیزیں وہ بنا اور انہوں نے نظر انداز کر دیا ہے کہ حقیقی چیزیں ایک دوسرے کے ساتھ سنگین تنازعہ میں تھے. مثال کے طور پر گھوبگھرالی کا فالج بھی قریب طریقہ یہ حقیقی زندگی میں ہوا نہیں ہے. میں جانتی ہوں، dramatization کے جانتے ہیں،، لیکن dramatizations کا مقصد حقیقی واقعات زیادہ ڈرامائی بنانے کے لئے ہے. حقیقی زندگی میں گھوبگھرالی کے فالج وہ فلم میں ظاہر ہوا ہے سے زیادہ ڈرامائی ہے. یہاں اصل میں کیا ہوا ہے. ایک منظر شاٹ کیا جا رہا تھا جبکہ گھوبگھرالی سکرین کو بند ایک کرسی پر بیٹھا ہوا تھا، وہ حتمی پائی جنگ منظر کے لئے اسے بلایا لیکن کوئی جواب نہیں تھا. Moe میں اسے لے جانے کے لئے گئے تھے اور ان کے چھوٹے بھائی سر slumped کے، ششماہی، مفلوج بات کرنے کے قابل نہیں دریافت، اور آنسو اس کے چہرے نیچے محرومی. Moe میں پھر کہا ""بیبی؟"" اور ان کی کرسی سے اس کی مدد کرنے کی کوشش کی. غریب گھوبگھرالی اپنے گھٹنوں پر گرتا ہے. پھر ایمبولینس کو بلایا گیا تھا. <br /> <br /> سب کے سب، اس فلم نہیں خوفناک تھا، لیکن یہ یقینی طور پر ٹھیک ہے اچھا نہیں تھا، یا اس سے بھی. یہ فلم بے بسی اور غلط کٹھ پتلیوں کی عکاسی کی گئی ہے اور بعض اوقات dramatizations ساتھ پانی میں گر جاتا ہے. اس فلم میں غلطی کی ایک بہت، بہت طویل فہرست ہے. تم مجھ پر یقین نہیں ہے تو، threestooges.com خبر فورم پر کٹھ پتلی کی فہرست نامی ایک آدمی کی جانچ پڑتال. یہ ایک صفحہ اور ایک طویل نصف کے بارے میں ہے. فلم میں میں کچھ چیزیں سلائڈ کر سکتے ہیں. لیکن دوسروں اکشمی تھے. تین Stooges مائباشالی تھے، اور آج کی مزاحیہ کی ایک بہت کچھ انہوں نے کیا کیا سے دور مبنی ہے. مجھے یقین نہیں ہے؟ میں Simpsons چیک کریں، اور تو بچوں اور عمومی Stimpy زیادہ. لیکن یہ فلم ان کی عقل نے قبضہ کرنے میں ناکام ہے. اس سے زیادہ تو غلط اہم ہے جس میں ان مشکلات کا قبضہ ہے، لیکن فلم کے عنوان تین Stooges ہونے والا ہے، تو یہ چیز سے زیادہ ان کی آسانی اور مولکتا بےنقاب کرنے کے لئے ہے.",vacationing 4 3 reenactments moe chiklis shemp kassir besser frizzy shemp quivering healy shemp shemp shemp 1895 1955 59 moe eyepoke oh amazement eyepoke moe eyepokes shemp moe dramatization dramatization dramatization dramatizations moe slumped moe dramatizations threestooges com stooges simpsons stimpy stooges
#USER# اندھیری رات ڈھل جائے گی اور اللّه کے فضل سے پاکستان کا سورج طلوع ہوگا ان شااللہ,user
اے لوگو جو ایمان لائے ہو، یہ بڑھتا اور چڑھتا سود کھانا چھوڑ دو اور اللہ سے ڈرو، امّید ہے کہ فلاح پاؤ گے - اس آگ سے بچو جو کافروں کے مہیّا کی گئی ہے اور اللہ اور رسول (ص) کا حکم مان لو، توقع ہے کہ تم پر رحم کیا جائے گا - اٰل عمران ١٣٠-١٣٢,
ہارڈ ویئر وار سٹار وار میں ہر چیز سے دور rips کے. لیکن آپ کو کسی بھی تضمین کرنے کی منصوبہ بندی کر رہے ہیں تو، آپ کو اس کے مقابلے میں صرف تھوڑا سا بہتر طور پر ایسا کرنے کی ضرورت ہے. نہیں ہارڈویئر وار کے ساتھ کچھ بھی غلط، SE فی نہیں ہے، لیکن آپ کو دھوکہ دینا ہے تو، یہ تو اچھا ہو، یا نہیں بالکل.,rips se
RT #USER# اللہ کی مدد سے ان شا ء اللہ,rt user
#USER# نے بہترین مائنڈ گیم کھیلی ھے امپورٹڈ حکومت کی خواہش تھی تھوڑ پھوڑ ھوتی سیاسی شہید بن کے الیکشن میں نکلتے انہیں شاید احساس نہیں تھا مقابلہ خان سے ھو رہا ھے جو مائنڈ گیم کا سب سے بڑا پلئر ھے میری خیال سے اب الیکشن کو کوئی نہیں روک سکتا,user
کہ مت پوچھ مجھ سے میرے صبر کی وسعت کہاں تک ہے..! ستا کر دیکھ لے ظالم تیری طاقت جہاں تک ہے..! تجھ سے امیدِ کرم ہوگی جنہیں ہوگی جانا..! ہمیں دیکھنا ہے کہ تو ظالم کہاں تک ہے! #URL#,url
"""یاگیو ichizoku کوئی inbo"" (صرف کا کہنا ہے ""شوگن کی سامراا"" دو) horrifically کا بورنگ اور دماغ bogglingly دیکھنے کے لئے دردناک درمیان کہیں ہے. ایک تاریخی مہاکاوی کے طور پر، یہ ایک امیر ساگا بننے پر بہت بہت زیادہ امکانات تھے کر سکتے تھے ... لیکن یہ ایک بنیاد پر اصل واقعات کی کہانی اور ایک ایپیٹچ-کھیلوں کوائف کے ساتھ صرف ایک اور سستی سے '70s ایکشن فلم سے زیادہ نہیں واقعی بات ہے چیبا. اس فلم کے نصف نقطے سے پہلے، میں بھی seppuku ارتکاب کرنے کی لالچ میں آ گیا تھا! موسیقی Ennio Morricone کی طرف سے پر مشتمل ایک دھن پر آپ کے کانوں میں نوحہ گرمی میں ایک ہزار کتوں کی طرح ہے (کہ Morricone کی طرف ایک توہین نہیں ہے). زوم لینس سنے کے استعمال کو دلچسپ مقابلے میں زیادہ nauseating ہے. اور عمل کی شرائط میں، یہ واقعی کچھ بھی نہیں زیادہ سفاکانہ حملوں کے ایک سلسلے کے مقابلے میں ہے اور اوہ کوئی وہ-did not کے جھٹکے. کیا ایک خوفناک فلم.",ichizoku inbo horrifically bogglingly '70s seppuku ennio morricone morricone nauseating did not
یا(ف۷۲) یہ کہتے ہیں کہ انہوں نے اللّٰہ پر جھوٹ باندھ لیا (ف۷۳) اور اللّٰہ چاہے تو تمہارے دل پر اپنی رحمت و حفاظت کی مُہر فرمادے (ف۷۴) اور مٹاتا ہے باطل کو (ف۷۵) اور حق کو ثابت فرماتا ہے اپنی باتوں سے (ف۷۶) بیشک وہ دلوں کی باتیں جانتا ہے,
"یہ ایک پیارا فلم بچوں کے لئے میرا پوتا ایک بار اسے دیکھا جا سکتا ہے. انہوں نے اسے ایک دوسری بار دیکھ رہا تھا میں اس کے ساتھ اس میں سے کچھ دیکھ رہا تھا. <br /> <br /> لٹل ریچھ آئس burg پر کھو جاتا ہے اور وہ پانی ہے وہ برف کے ایک ٹکڑے کو حاصل کرنے کے لئے کوشش کر رہا ہے میں ہے جب اس کا کہنا ہے ""بیوکوف گدا بیوکوف واپس آئیں"". <br /> <br /> میں نے اس میں اس طرح الفاظ کے ساتھ فلمیں دیکھ اپنے 3 سالہ پوتا نہیں کرنا چاہتا. اس کی درجہ بندی کی کیوں <br /> <br /> ہے بچوں کے لیے. بچوں کے موافق ہونا چاہئے. یہی تو میں کیا توقع کریں گے ہے. وارنر برادرز کی طرف سے بڑھا کر جی مجھے توقع کریں گے اس نے اس میں الفاظ cuss تعلق نہیں کا درجہ دیا. الفاظ بھی طور پر اس کا بعد میں شامل کیا لگتا ہے سب سے زیادہ مقامات میں فلم فٹ نہیں ہے. اور فلم بہت سے حصوں میں باہر کھینچ لیتا.",burg 3 cuss
"میں نے سب سے پہلے اور مکمل طور سے اور یقین یہ ایک ""دھوکہ دینا"" بلاتا ہے جو صارف کے ساتھ اتفاق نہیں کرتے. کرسپن Glover کی ان کی فلم کے بارے میں بہت سنجیدہ ہے. انہوں نے کہا کہ ذاتی طور پر شکاگو میں اسکریننگ میں نے دیکھا میں فلم متعارف کرایا. انہوں نے کہا کہ سال کے لئے فلم پر کام کیا تھا اور یہ ایک ارادہ تریی میں سب سے پہلے ہے. ""یہ کیا ہے؟"" وہ ہرزوگ، لنچ کی طرف idolizes ان لوگوں کی رگ میں ایک آرٹ فلم میں کرسپن Glover کی کی کوشش ہے وغیرہ <br /> <br /> میں نے اس فلم کاسٹ سال ""پہلے تمام نیچے سنڈروم کے ساتھ مہاکاوی porno فلم کی طرف سے ہدایت کی افواہ سنی تھی کرسپن Glover کی "". اس کے آخر میں باہر آیا جب میں آن لائن ٹریلر دیکھا اور خلاصہ پڑھا ہے اور میں امید کے ساتھ منہ میں foaming گیا تھا. ... میں نے یہ دیکھنے کے لئے شکاگو کے پاس گیا اور اسے ایک بڑی مایوسی تھی. وہ جیسے برتن تمباکو نوشی دادی مورھ شیخ * T، اور رقص گڑیوں باہر لے گئے تو وہ 10 صرف تقریبا منٹ طویل بہت بہتر چیز کے ساتھ چھوڑ دیا جائے گا، لیکن. <br /> <br دوسرے لفظوں میں /> بس، ٹریلر دیکھتے محظوظ ہو، اور اس میں جو چھوڑ دیں. کچھ ذکر تصاویر اور تصوراتی، بہترین juxtapositions اور جملے ہیں، لیکن توجہ کی کمی مایوسی کرنے کے مترادف ہے.",glover idolizes glover porno glover foaming t 10 juxtapositions
رجیم چینج آپریشن سے 7 ماہ میں پاکستان کا نقصان ہوا اس امپورٹڈ حکومت کا اقتدار میں مزید رہنا ملک کو نقصان پہنچائے گا۔  26 نومبر کو ان شا اللہ #ملتے_ہیں_پنڈی_میں #URL#,7 26 url
#USER# تم بیغرت ترین ہی نہیں تم نسلی بیغرتوں کے کتے اور سب سے بڑے میر جعفر ھو آج ہی تعیناتی اور تم جیسے میر جعفروں نے ہڈی لیکر بھونکنا شروع کر دیا ۔ ھمیں امید انشاللہ یہ آرمی چیف عوام کا اعتماد حاصل کریں گے انشاللہ ۔ پر تیرے جیسے کو بھی پٹہ ڈالیں گے۔ تیرا بھی دن آے گا ھر کتے کا آتا ھے۔,user
#USER# کاش آپ میرے ابو ہوتے ، یہ کہتے ہوئے میر ساپ آبدیدہ ہوگئے #URL#,user url
میں فطرتاً بہت حســاس ہوں مجھے دکھ دیتے ہیں تلخ رویےمیں تھک جاتی ہوں سہہ کر ســن کر بـول کر ســـوچ کراندر ہی اندر دل پہ بوجھ لئے رہتــی ہوں مگــر میں اداسی بانٹ نہیں سکتیمیری خواہش ہے  کہ بانٹوں مسکراہٹیں خوشیــاں آســانیـاں دعائیــــں فقط اسی لئے اپنی سی کوشش جاری رکھتی ہو,
#USER# میجمنٹ بھت چالاک ھے . ، اگر وہ پی فکسیشن ا ھم 1900 اسٹاف اور افسروں کی ماہانہ 10 کروڑ اور بقایاجات تقریباً 8سے 10 ارب بنتے ھین اور یہ کمپنی کے لیئے کوئی مسئلہ نھیں ، ھمیں اللہ پاک سے امید ھے اور موجودہ حکومت اور جناب قادر خان مندوخیل صاحب پر یقین ھے یہ ھمارا حق ہےجو ملے گاا,user 1900 10 8 10
میں نے ... الفاظ نہیں. کوئی الفاظ یہ وضاحت کر سکتے ہیں. میں نے اس شو کو دیکھنے کے بعد ان کے ٹوسٹر میں چھریوں رہنا وہ لوگ جو چند بہادر لوگوں کی خاطر کی کوشش کریں گے .... <br /> <br /> یہ ... Cosgrove کی شخص ... اس کی اداکاری ایک خاتون گورللا دیکھنے کی طرح ہے انتہائی اتیجیت کیڑوں کے گھوںسلا پر رقص. شاید میں مبالغہ آرائی. تفصیل اس شو لکھنے کا باقاعدہ دن فٹ بیٹھتا ہے کہ تاہم، میں ایک احساس ہے. <br /> <br /> خام سیوریج کے اس مائکارک ڈھیر میں حروف کی جگہ پتھر کا ایک چھوٹا سا ٹکڑا کے طور پر بے کار کے طور پر ہیں کہ سورج میں مکھیوں ہفتے کے کسی بھی دن پر. اگرچہ انہیں دیکھتے وقت سستے میں تعمیر سیٹوں پر احمقوں کی طرح کام دل کے دورے کا تجربہ نہیں کیا گیا ہے، میں سمجھتا ہوں کہ اس کے آخر میں ہو گا کوئی شک نہیں ہے. <br /> <br /> اس * کی مرکزی پلاٹ کے چہروں میں زور زور belches اداکار * کہ تخلیقی سامان ہے کہ اس شو کے پروڈیوسر شاید متحمل نہیں ہو سکتا تھا مالک ہے جن میں سے ایک اس میں Brainless دوستوں، ساتھ iCarly.com کے عنوان پر ایک لائیو ہفتہ وار ویب کاسٹ کی میزبانی کرنے والے ایک بے وقوف لڑکی کا ہے. اس کے قانونی سرپرست پاگل کی کسی طرح بظاہر اس کا بڑا بھائی ہے کون ہے. <br /> <br /> میں کینسر، یا شاید ایک سرد تیار کر کے خوف کے لئے اس شو کی تمام دیکھا نہیں ہے، لیکن پلاٹ پوائنٹس میں سے کچھ میں بھائی، ایک لفٹ میں پھنس رہی اپارٹمنٹ کے دربان تقریبا تھکن، اور دنیا کی fattest پادری کے دورے کے لئے آنے والے شامل دیکھی ہے. آپ اپیمی کی عمر سے زیادہ ہیں یا آپ کو پراسرار فرقوں میں شامل ہونے کی ایک تاریخ ہے تو باعث ذہنی صدمے کے لئے اگر نہیں، واقعی. <br /> <br /> اس سے بچیں. آپ کو یہ دیکھنے کے لئے فیصلہ کرتے ہیں تو، یہ آپ بہت دیر تک اسے غور سے سنو تو بالآخر کوما میں آپ کو ڈال دے گا کہ بار بار شور باہر ڈوب گے کے طور پر، ہنسی ٹریک کرنے کے لئے آپ کو بتاتا ہے جب ہنسنا. <br /> <br /> نامہ inexplicably میں منفی اعداد کے استعمال کو اپنایا نہیں کیا کیونکہ شو ایک ایک ستارہ کی درجہ بندی حاصل.,cosgrove belches brainless icarly com fattest inexplicably
#USER# ایک بات تو طے ہے کہ نواز شریف کو اللہ کے حکم سے زندہ تو اس زمین پر قدم رکھنا نصیب نہیں ہوگا,user
#USER# #USER# اللہ خیر کرے، بابر کے برے دن شروع ہو گئے,user user
#USER# جی ہاں بلکل جناب بلکل۔۔۔  اور خاطر جمع رکھیے، میری بحث کسی علمی نقطے کو واضح کرنے کی کوشش ہوتی ہے، کسی کو شرمندہ کرنے یا اُس سے جیتنے کے لیے میں کبھی کوئی مباحثہ نہیں کرتی۔۔۔ اُمید کرتی ہوں ہم اس موضوع پہ اپنے دلائل پھر کسی بہتر وقت پہ جاری رکھیں گے۔,user
جیسا کہ دوسروں کی طرف سے بیان کیا گیا ہے، یہ ایک ludicrously خوفناک فلم ہے (نہ کہ فلم!). یہ صرف برداشت کرنے کی کوشش کرنا تکلیف دہ ہے، ایک مضحکہ خیز انداز میں برا نہیں ہے. آپ کا وقت برباد نہ کرو. <br /> <br /> ایریکا Eleniak بہت گرم ہے، لیکن جہاں وہ ایک باتھ ٹب میں ہے ایک منظر ہے، اور آپ لفاف بلبلوں کے تحت اس کے سینوں ڈھکنے دیکھ سکتے ہیں. اس کے علاوہ، وہ چربی ہو رہا ہے. <br /> <br /> جنگ کے مناظر آپ کو معلوم ہے یا مارشل آرٹ، یا اس سے بھی مہذب کوریوگرافی بارے میں خیال کچھ بھی، اور ایڈیٹنگ / اثرات انتہائی پست ہیں، تو unwatchable ہو کرنے کے طور پر بہت برا ہو گا. <بی آر /> <br /> کوئی فوائد نہیں ہے، یہ کہیں نہیں جاتا ہے، اور وہاں حاصل کرنے بیکار ہے.,ludicrously eleniak unwatchable
#USER# ویلکم ❤️ہم امید کرتے ہیں کہ یہ پاکستان کے محافظ ثابت ہوں نہ کے اس سے پہلے والوں کی طرح ڈی ایچ اے کی حفاظت یا بیرونی ممالک میں پراپرٹی میں ٹائم لگائیں۔ اب عوام کی آنکھیں کھولی ہیں عزت کروانا آپ کے ہاتھ ہے، آل دی بسٹ👍,user
"""کاش کہ ایک ایسا دوست ہوتا .. کہ جِس کا کوئی دوست نہ ہو! ۔",
#USER# میری زندگی کی خواہش ہے تم کو چپیڑیں کرانا! اتنا جعلی انسان ہے کہ مبالغہ ہوتا ہے کہ یہ انسان بھی ہے؟,user
A واقعی شاندار کاسٹ اور بہت باصلاحیت تکنیکی عملے کمرشل ردی کی اس صورتحال سے امکانات اور صاف طور حسب نسخہ ٹکڑا حمایت کرنے کو پریشان کر کے ہمارے یکساں طور پر قابل قدر فرصت کے وقت ان کے قیمتی کیریئر وقت برباد کیا، اور. فلم <br /> <br /> ایک غیر معمولی ہائی واقعی ایک اچھا اور بہت ہی حالات خیال پر مبنی ہے لیکن پروڈیوسر اور ہدایت کار دونوں کو صرف لاگو کیا معیاری ہالی وڈ 'آفت فلم' فارمولے اور اس طرح کی پیداوار سے کسی بھی ممکنہ قدر برباد کر دیا. لہر اور بہت مضبوط طوفان حالات لندن اور ٹیمز ویلی کے سب سے زیادہ سیلاب مغلوب ہے کہ ایک ریکارڈ اعلی طوفانی موج پیدا کرنے کے لئے جمع. ایک بہادر سائنسدان (ٹام کورٹینی) خطرے کے حکام تنبیہات اور بالآخر دن بچاتا ہے جو ارد گرد پلاٹ کے مراکز، ایک گلیمرس خاتون پولیس چیف پورے شو اور اہم دیکھ بھال کے لئے کی کوشش کرتا ہے جو ایک embattled نائب وزیر اعظم (ڈیوڈ سچیت) چلتا ہے. <br /> <br /> لیکن یہ سب اتنا غیر حقیقی ہے کہ صرف 30 منٹ کے بعد ایک توسیع کی چائے کے وقفے کی طرح ایک ہی محسوس ہوتا ہے. نوجوان گلیمرس خاتون پولیس کمشنر ایمرجنسی کا اعلان کر دیا اسٹیٹ دوران فوج پر مکمل اختیار کا مطالبہ ہے اور یہ ہو جاتا ہے (تو اس کو!). تجربہ کار جنرل صرف اس وجہ سے اس کے ظاہر برتر صلاحیت کے اس جوتے چاٹنا لئے ہے جو ایک مکمل پاگل کی طرح ایک طرف دھکیل دیا جاتا ہے. مصیبت ہماری لڑکی سپریمو، اب زندگی کے لاکھوں کے لئے ذمہ دار کی حالت میں، اس کی دو بیٹیوں ساؤتھ ویسٹ لندن کے دورے کو لے لیا ہے اور کہتے ہیں کہ وہ ٹھیک تھے ٹیلی فون کیا نہیں کیا ہے جو کی قسمت پر فکر کے اس وقت کے سب سے زیادہ خرچ کرتا ہے. ہمارے غالب عورت ان کے لئے نظر اس کے عملے کا تعین کرتا ہے اور فیصلہ تمام فوج اور امدادی خدمات کے لئے واحد ترجیح جنوبی مغربی لندن اور نہ شہر کے کسی دوسرے کوارٹر ہونا ضروری ہے تا کہ. کورس کے وزیر، فوج اور پورے وفد سوال کے بغیر اس کی ترجیح قبول کرتے ہیں. ایک صرف وہاں وہ سب تھا املاک کو فرض کر سکتے ہیں. اس کے بچوں کو آخر لامتناہی رپورٹس اور کوششوں کو اس کے عملے کی طرف سے وہ ہمارے مرد ہیرو کی طرف سے کہا جاتا ہے کے بعد پتہ چلا رہے ہیں، 'اہم بات یہ ہے کہ خدا نے وہ کر رہے ہیں محفوظ، شکریہ'. دوسروں کے لاکھوں یا دیگر تمام ذمہ داریاں وہ کنٹرول کرنے والا تھا کے بارے میں کوئی بات نہیں؛ جب تک اس کے اپنے بچے تھے کے طور پر محفوظ کیا سب کچھ ٹھیک تھا. <br /> <br /> یہ فلم اسی پرانے لڑکی chauvinist صنفی امتیاز طالی خواتین ہوشیار، احساس، دیکھ بھال اور مردوں کی حالت کو واضح طور پر قابل رہنما ہیں جسمانی بہادری، مورھ طاقت کے سوا کچھ نہیں کے لئے اچھی ہیں کہ ٹریپ آگے بڑھانے کے لئے صرف ایک بہانہ ہے اور بہت ماہر علم. اور اس کے باوجود ایک سادہ سا ہدایات وہ عوام کو دیا جا سکتا تھا کہ؛ یعنی قریب ترین قد کی عمارت میں جانے کے لئے اور سکون کے 4th منزل پر یا اس سے اوپر اور انتظار ہدایات پانی اترنے کے لیے اس لڑکی سپر ہیرو کی طرف سے دیا گیا تھا کبھی نہیں جب تک جانا - یا واقعی کوئی اور. سارا مسئلہ حل کرنے کے لئے اور ابھی تک لاکھوں لوگ بظاہر محض اوپر جا نہیں سوچا اتنا آسان تھا! قابل رحم کوڑا کرکٹ.,a ' ' embattled 30 ' ' chauvinist 4th
"لکھہ پتی بیاہی ایک خاتون ڈاکٹر سے. انہوں نے کہا کہ ایک دن میں کام کیا نہیں کیا ہے اور وہ اس کے پیشے کے لئے وقف کیا جاتا ہے. انہوں نے کہا کہ ہر روز اس کے دیکھتا ہے. کچھ دینا پڑا ہے. <br /> <br /> ہمارے ہیرو، ہنری فونڈا، آخر میں ان کی زندگی کے ساتھ کچھ کرنے کا فیصلہ کرتا ہے. انہوں نے کہا کہ ایک ڈپارٹمنٹ اسٹور میں ایک سیلزمین بن جاتا ہے لیکن غریب لوگوں ملازمت کی ضرورت ہے جیسے ہی فائرنگ کی ہے. اس دوران میں، ڈاکٹر ہیلن ہنٹ (باربرا Stanwyck) اس کی پریکٹس چھوڑ دی ہے؟ ایسا کرنے کے لئے؟ <br /> <br /> کرک (فونڈا) کیا ہے ایک دیوالیہ ہسپتال خریدتا ہے اور وہ ایک وجود باہر eke جبکہ دو اب خوش اعانت دوسروں ہو جائے گا. <br /> <br /> یہاں لکھنے کے ساتھ ہے ؟ اپنے شوہر سے ناراض کرتے ہیں، ڈاکٹر ہنٹ کا کہنا ہے، ""تم نے گسٹاپو کی طرح اداکاری کر رہا ہوں."" یہ ایک کامیڈی ہونا چاہیے ہے. Hogwash. <br /> <br /> ایک بہت بورنگ تکاؤ فلم. بہت کم یہاں پر جا رہا.",stanwyck eke hogwash
"آہ Animorphs. میں نے کتاب سیریز سے محبت کی اور بے تابی کے مڈل اسکول میں ہر ایک کو نگل گئیں اور میں نے ایک ٹیلی ویژن موافقت نہیں تھا کہ سن کر مجھے بہت حوصلہ افزائی کی تھی. <br /> <br /> لڑکے حتمی پیداوار تھا نیچا کیا. میں نے میرے لئے لگتا ہے، اس پل تھا Nickelodeon کے ٹھنڈا پروگرامنگ اور زیادہ عام کے بارے میں ہونے کی وجہ سے بند کر دیا گیا. <br /> <br /> اس لیے سیریز کے ساتھ کیا غلط تھا؟ مجھے طریقوں شمار ہیں: 1. حروف horrifically کا miscast تھے. کتابوں میں، Animorphs 12-14 کے درمیان کہیں تھے، ٹیلی ویژن کاسٹ میں کم از کم 18. جب میں پہلی کاسٹ تصاویر. <br /> <br /> 2 دیکھا مجھے خوفزدہ کیا جا رہا ہے یاد تھے. ہولناک اداکاری / برا تحریری طور پر. میں تھا جو میں ڑیلےدار بڑے پیمانے پر یہ تھا کہ میں lumping رہا ہوں تاکہ الزام عائد کرنا گئی. نہیں مضحکہ خیز - شاید یہ اس حقیقت کی آمیزش کے تیز عمر ہنسی مذاق میں کم از کم پیارا کیونکہ مارکو ایک 13 سالہ سے باہر آ رہا ہے کہ متاثر تھا. اصل میں، میں گروپ سے ایک بھی ہاسیکر لمحے یاد نہیں ہے اور چند تھے. اداکار یقینی طور پر اس کے بدترین اوپر اپنی بہترین اور سر smackingly قابل رحم میں کمزور تھا جس کے لکھنے سے کچھ مدد نہیں کر رہے تھے. <br /> <br /> 3. میرا رب وہ بجٹ کے ساتھ کمجوس تھے. اکیلے Andalites کی حتمی نتیجہ پلگ ھیںچو کرنے کے لئے Viacom کی بات پر یقین کرنا چاہیے تھا ... ان کے سروں کو واضح طور پر ظاہر ہوتا ہے کہ دراڑوں ہیلمیٹ تھا جس پڑا. <br /> <br /> 4. کاسٹ پر واپس جائیں - دور کی طرف سے راہیل سب سے بڑی دور کی کتابوں میں یودقا عورت، ٹی وی سیریز میں بہترین برابر ""Scarecrow کی"" تھا کیا جا رہا ہے سے نیچا تھا. اس کے علاوہ، میں جانتا ہوں کیسی آدرشوادی تھا لیکن ""آدرشوادی"" اور ""بیوکوف"". <br /> <br /> 5 کے درمیان ایک فرق ہے. کبھی بدترین افتتاحی عنوانات میں سے ایک. موسیقی کہ واضح ہو جائے کرنے کے لئے تھا؟ 6. جواب دے سوال 6، ""ہاں"" کیونکہ باقی سب کچھ نیچے تو کیوں امید کم ذہین ناظرین ایک لنگڑے ریپ راک رپ بند یا جو بھی جہنم تھا کی طرف سے ایک اینٹ نغمہ طور پر ایک موٹی نہیں حاصل کرنا چاہئے بی آر dumbed کیا گیا تھا. < /> <br /> اس کے بعد سے بڑے لشکر طیبہ چڑھاو (عراق، 2004) ہو چکے ہیں لیکن اس معاملے میں میں اپنے آپ کو صاف نہیں کر دیا ہے - اس شو چوسا اور کتاب سیریز اس سے مبنی ہونا چاہیے تھا کو نفرت تھی.",animorphs nickelodeon 1 horrifically miscast animorphs 12 14 18 2 lumping 13 smackingly 3 andalites viacom 4 scarecrow 5 6 6 dumbed 2004
اقبال تیرے عشق نے سب بل دئیے نکال۔۔۔۔مدت سے آرزو تھی سیدھا کرے کوئی۔۔۔۔۔❤️🖤❤️🖤❤️@Real_SHR9263#ImamKhadimHussainRizvi  #ApnaMuqamPaidaKr #URL#,real shr9263 imamkhadimhussainrizvi apnamuqampaidakr url
"میں یہاں اچھی جائزے پر مبنی اس فلم کو دیکھا، اور میں دوبارہ وہ غلطی نہیں کریں گے. <br /> <br /> پہلے جوڑے منٹ پتہ چلتا ہے کہ لوگوں کے ایک گروپ کو کچھ سانحے کی طرف سے ایک دوسرے کے ساتھ لایا گیا ہے، لیکن آپ ڈان 'ٹی دیکھیں کہ یہ کیا ہے. 12 گھنٹے فلیش بیک اور ہم ان لوگوں کو آخر میں کیا ہونے والا ہے کیا مکمل طور پر بے معنی ہیں جن میں سے ہر ایک کی بورنگ زندگی کو دیکھنے کے لئے ملتا ہے. ختم ہونے آخر میں لطف اندوز ہوتے جاتا ہے، آپ کو صرف ایک بڑا فوائد آپ کو دیکھ کر کیا گیا ہے کے لئے ہو اور اسباب کچھ بھی نہیں ہے کہ کے لئے آپ کی زندگی انتظار کے ایک گھنٹے ضائع ہو. صرف کنکشن ان لوگوں کے پاس وہ سب ایک ""برا دن"" پڑا ہے کہ ہے - لیکن تسلسل بوریت میں کھو جاتا ہے یہاں تک کہ <br /> <br /> اس ایک ""حادثے"" کلون ہونا چاہیے تھا، تو یہ ہے ایک مکمل ناکامی.",' 12
اوہ یہ واقعی سچ ہے. میں فلمیں دیکھا ہے میں نے جو کچھ بھی وجہ کی وجہ سے، زیادہ ناپسند ہے کہ، لیکن میں صرف فلم سازی کے ہر ایک پہلو میں ناکام ہو جاتا ہے کہ ایک فلم کبھی نہیں دیکھا ہے. یہ بھی اس فلم بنانے میں ناکام کرنے کے لئے ناکام ہو جاتا ہے ایک طرح سے نیویارک میں ہرکیولس ایسا کرنے کے لئے کہا جا سکتا ہے. یہ کم از کم کی طرح فلم میں نہیں ہے، لیکن یہ بہت بدترین فلم میں نے کبھی دیکھا ہے. <br /> <br /> اداکاری پہلی بات ہڑتالوں آپ کہ ہے. میں نے فحاشی کے بدتر کام کیا فلم کے باہر کبھی نہیں دیکھا. اصل میں میں فحش فلموں کو ایک لات سائٹ کو اس سے بہتر کام کیا جاتا ہے کی کافی مقدار ہے. یہ واقعی خوفناک ہے. <br /> <br /> تکنیکی طور پر، یہ خوفناک ہے. کیمرے کا کام شوقیہ ہے. ایڈیٹنگ نامعقول ہے. میں نے وہ مناسب آواز کے سامان کی متحمل نہیں ہو سکتی تھی سمجھتے ہیں، اور اس کا مطلب ہے کہ ایک گاڑی میں ہر منظر (اور ان میں سے ایک بہت کچھ ہے) انہیں جنگل کے اسی پیچ کی طرف سے فی گھنٹہ اور ہر باہر منظر سیٹ تین کے بارے میں میلوں میں ڈرائیونگ کر دیا ہے (اور ان میں سے ایک بہت کچھ بھی نہیں ہے) اصل میں ایک بار پھر بری فحش vibe کے لئے مزید قرضے، ایک سٹوڈیو سے ڈب کیا جاتا ہے. <br /> <br /> بہت سے نشاندہی کی ہے کے طور پر پلاٹ، نامعقول ہے. میں سمجھتا ہوں کہ جو باوجود سے Nosferatu کی طرف سے مقبول کیا جا رہا ہے، یہ کبھی نہیں اصلا ویمپائر mythos کی ایک اندرونی حصہ تھا حقیقت کی طرف سے دن کی روشنی میں چل ویمپائر کا دفاع کریں گے. <br /> <br ویمپائر mythos کی /> خطاب کرتے ہوئے مصنف نے واضح Carmilla پڑھا تھا ، یا بہت کم از دیکھا میں ویمپائر پریمی. مجھے متاثر طرف سے ایک گوتھک ناول میں بہت پسند ہوں کم از کم کچھ آکانکنوں ہے کہ ایک فلم کے اس سنگین swaying کے میں نے اس کے بارے میں کیسا محسوس کرتے ہیں اس بات کا یقین نہیں ہوں،؛ یا اس کی بہترین sledgehammer کے حوالہ جات کی طرف سے اور منبع مواد کی بدترین کل بے حرمتی پر ناراض. میں بہت کم از کم 'عمومی' پیٹر کشنگ کی توہین ہے اگرچہ. <br /> <br /> یہ ہو جاتا ہے دو ستاروں تاہم، محض اس وجہ سے میں نے ایک فلم ہے کہ کے لئے ایک ستارہ ووٹ ڈالنے کے لئے اپنے آپ کو نہیں لا سکتے، یا کم از کم منشاء، اس میں دونوں ویمپائر اور zombies ہے کرنا. اتفاق سے میں نے Lifeforce (ایک اور فلم tenuously اس میں پشاچ اور zombies ہے کہ) اس کے طور پر ایک ہی دن پر دیکھا، اور ایک نہیں بلکہ ناقص فلم خود ہونے کے باوجود، واقعی باہر اس کے مقابلے میں ایک شاہکار ہے. <br /> <br /> تو آخر میں، یہ ایک فلم نہیں ہے اتنا برا اس کی اچھی ہے، یا اس سے بھی نشے میں، کسی بھی طرح آننددایک میں ہے اتنا برا. یہ صرف ایک گندگی ہے، اور کوئی ایک کی مالیت دیکھ کر وقت.,vibe nosferatu mythos carmilla swaying sledgehammer ' ' zombies lifeforce tenuously zombies
"اس فلم کو Sommerset Maugham کی کہانیاں اپنانے کے لئے دوسری برطانوی رینک فلم ہے. 'کوآرٹیٹ' سے تمام لیکن ایک کہانی contempory دور میں اچھی طرح سفر نہیں کرتا؛ صرف برطانوی پری 1950 کے اداکاروں کی ترسیل ہو سکتا ہے کے طور پر اور اداکاروں تقریر واضع طور ""کاٹا گیا"" ہے. anycase میں 'تینوں' پہلی فلم کی موافقت سے سخت اور زیادہ filmic لگتا ہے. <br /> <br /> ان دونوں فلموں پر قابو پانے نہیں کر سکتے ہیں مسائل میں سے ایک ان کے منبع مواد سے قبل فلموں سے 25-30 سال لکھا گیا ہے . چنانچہ 1950 Maughm کے (پہلے سے جنگ) popularist طرف سے ""چھوٹے اخلاقیات"" storyteling بلکہ ولکشن، اگر نہیں سیدھا سادا ونیت لگ رہا تھا.",sommerset maugham ' ' contempory 1950 anycase ' ' filmic 25 30 1950 maughm popularist storyteling
#USER# اگر یہ سچا ہوتا تو اس کا یہ حال نہ ہوتا اللّه نے عمران خان کو سزا دی,user
"میں نے کچھ اچھی دیکھ سکتا تھا سوچا لیکن ... میں نے اس فلم کو دیکھنے کے بعد تھکا ہوا ہوں، مجھے سب سے زیادہ نفرت کرتا ہے پتہ نہیں کیا: اسکرپٹ، اداکاری، FX یا موسیقی. بدترین پاور رینجرز واقعہ کو تصویر کرنے کی کوشش کی اور اب بھی قسم کی کے لئے ہو گا. میں نے (پرتیبھا کے رابطے ہے ہڈی تلوار یا اس کی سانس کی ایک سبز دھواں میں لوگوں کو غائب کر رہی ہے اس کے ساتھ رابطے) FPS کھیل میں بہتر FX دیکھا ہے اور موسیقی ویسٹرن ایک سپتیٹی سے آنے لگتا ہے. مجھے پسند آیا تھا کہ کس طرح گاڑی میں عورتوں، چیخ گیا تھا جب ""شیطان"" کار (وہ غلط طریقے سے لگ رہا ہے یہاں تک کہ اگر) کے ارد گرد چل رہا تھا. تو تم اپنے نفس کو ایک دن روک دے اور، اس بات کو دیکھتے از کم کال کسی تک میں آپ کے ساتھ ایک ہارر فلم کو دیکھنے کے لئے نہیں ہے، مجھ پر اعتماد آپ کو کچھ کک کے لئے اجارہ داری کھیل ختم ہو گی.",fx fps fx
اے صحابہ کرام کاش! میری ماں زندہ ہوتی میں نماز عشاء پڑھا رہا ہوتا میری ماں ابھی محمد پکارتی میں نماز توڑ کر اپنی ماں کی بات سنتا عورت کی تکلیف کا اتنا احساس فرمایا گیا کہ دوران جماعت بچوں کے رونے کی آواز سنتے ہی قرأت مختصر کردی👇,
مغرب جہاں پہلے پہل مادر پدر آزادی نے خاندانی سسٹم کی بربادی کی اور اب یہ نئی لعنت مغرب میں اپنا رنگ دکھا رہی ہے جسکی علمبردار پاکستان میں بھی اس گند نا صرف لانے بلکہ اسکی ترویج و اشاعت میں پی ڈی ایم کی بے حیا حکومتی سرپرستی کے تحت پیش پیش ہیں۔ اللہ ہمارے حال پر رحم کرے۔ آمین2/2,2 2
"""انتہائی تبدیلی: ہوم ایڈیشن"" نام نہاد 'دل وارمنگ' ایک اور 'احساس-گوڈی'، ہے، اور باہر کے-لئے-ریٹنگز ABC دوسرے کے ساتھ ڈال کرنے کے لئے وقت دیکھا گیا ہے کہ دکھاتے ہیں <br /> <br /> میں. مشکلات کو سمجھتے ہیں ان خاندانوں سے گزرتی ہیں. اس کے لئے، مجھے افسوس ہے. لیکن آپ کو چار وسیع سکرین پلازما ٹی وی، تین فلیٹ سکرین ڈیسک ٹاپ کمپیوٹرز ڈال، ایک inground پول ایک گھر کے پچھواڑے کے نصف تک لے جا رہا ہے کہ لگتا ہے کہ، اور مہنگی ڈیزائنر لباس کی الماریوں بھرا کسی بھی خاندان کے لئے تھوڑا سا بھی ضرورت سے زیادہ ہے؟ ضرور، ان خاندانوں ایک بہت کے ذریعے کیا گیا ہے. ضرور، وہ اچھے چیزیں کیا ہے کہ وہ پہلے تھا کے مستحق ہیں. <br /> <br /> لیکن ایمانداری سے، چیزوں سے Ty Pennington اور ان کے گھروں میں ان کے عملے ڈال ایک پورے محلے کے مطابق کرنے کے لئے کافی ہیں. <br /> <بی آر /> ایک اور واقعی اس شو کے بارے میں مجھے شہری پریشان وہ چیز ہیں Ty اور ان کے عملے ہمیشہ کچھ اچھا خاندان، یا خاندان کی حالت سے متعلق ہے کہ ہر چھوٹی چیز کے بارے میں کیا کہنا ہے کس طرح ہے. ایک ویل چیئر جانے والی شخص کہہ رہا ہے کہ وہ یا وہ 'اتنی مضبوط'، یا 'بہت بہادر' ہے واقعی تھوڑی دیر کے بعد پرانے حاصل کرتا ہے. یہ اشج آواز، لیکن مجھ پر یقین کر سکتے ہیں؛ اس شو کو دیکھنے کے، اور آپ کو میرا کیا مطلب ہے نظر آئے گا. <br /> <br /> سب کے سب، اس شو اہنکاری ہے. آپ کو یہ دیکھنے کے لئے چاہتے ہیں، تو آگے بڑھو. یہ تبصرہ صرف آپ کو دیکھ کر کیا جائے گا، اس کے لئے ایک سر اپ ہے.",' ' ' ' abc inground ty pennington ty ' ' ' '
#USER# #USER# ان شا اللہ نہیں ھوں گے تو بس ارشد بھای نہیں ھوں گے,user user
#USER# #USER# #USER# ہمیں یہ کیا دے سکتے ہیں، ہمیں اپنے اللہ سے خیر کی امید ہے انشاء اللہ خیر ہوگیمیرا ایمان ہے بھائی,user user user
میں فورا کہ یہ بدترین فلموں میں نے اپنی زندگی میں دیکھا ہے میں سے ایک ہے تسلیم کرتے ہیں کر سکتے ہیں. اور یہ کہ، تھوڑا کہہ نہیں ہے کیونکہ مجھے یہ بددا فلم کی بات آتی aficionado کی جب اپنے آپ کو کسی حد تک ایک کے ہونے کا تصور کرتے ہیں. لیکن یہ برا سے باہر ہے. یہ فلم اس میں چھوڑ دیا کوئی مذاق نہیں ہے، تا کہ خوفناک ہے، یہ صرف برا ہے. <br /> <br /> جائزہ لیتے یہ تقریبا ناممکن ہے. کوئی مضبوط پوائنٹس اور کچھ مثبت کہنے کے لئے موجود ہیں. میں نے ابھی پوائنٹس چوسا کی کچھ کے بارے میں نہیں ramble لیں گے. پہلا دور، CGI بدترین میں دیکھا ہے میں سے ایک ہونا ضروری ہے. میں نے CGI CGI نئے اور تازہ تھا جب میں بابل 5 راستہ پیٹھ میں دیکھا ہے ہو سکتا ہے کچھ کی یاد دلاتی ہے، اس فلم 2005 میں بنایا گیا تھا پر یقین نہیں کر سکتے ہیں. یہ غریب پرے عقیدہ ہے. وہ دن کے وقت صابن کی بدترین قسم میں تعلق رکھتے طرح دوسرا، اداکاروں تمام پا رہے. اور ان کے شروع کو دیکھ کر میں نے صحیح ہوں کہ ... سوم، بہت بڑا رینگنے والے جانور نسل کے لئے قابل ہونے کے وہ اس فلم میں ایجاد دیگر ٹیکنالوجی کے لئے کوئی میچ ہے: لامحدود بارود کے ساتھ recoilless پستول! سنجیدگی سے، مائیکل Pare کی ہر دوسرے منظر میں دوبارہ لوڈ کے بغیر 100-200 اوقات آگ ہے ... جیسا کہ اگر کافی نہیں تھا وہاں بھی شکل-منتقلی طیاروں! پہلے تو انہوں نے باقاعدہ ایف 16 جنگجو ہیں، اگلے منظر میں وہ کسی اور کو مکمل طور پر کچھ اور ہو، اور تیسرے منظر میں وہ ایف 16 پھر رہے ہیں! آپ رہے ہیں، خرید اسٹاک فوٹیج، تو اس طرح اس کا اختلاط نہ کریں! <br /> <br /> سچ میں، بوجھ زیادہ کہنے کی نہیں ہے، لیکن میں روک دیں گے لگتا ہے. آپ سب کہ میں کیا کہہ رہا ہوں سمجھنے کی. سچ میں، فلم کی اس قسم کی کوئی اور بنایا گیا تھا سوچا ہی نہیں. یہ کچھ ایڈ لکڑی کرے گا ایسا ہے. معیار کی مکمل جاہل، دیکھ بھال نہ کچھ بھی لگ رہا ہے ... یہ سب اس کے awfulness میں تقریبا حیرت انگیز ہے کہ کس طرح. میں نے اسے دے تو سکتے تھے 0/10 میں کروں گا، لیکن 1/10 سب سے کم گریڈ ہے. تو یہ بات ہے.,aficionado ramble cgi cgi cgi 5 2005 recoilless pare 100 200 16 16 awfulness 0 10 1 10
"آپ کی حوصلہ افزائی، جس میں تمام موسم کی اقساط میں میرے دیکھنے کی حوصلہ افزائی کی روک تھام کے لیے ایک حالیہ تبدیل کے طور پر، میں، زیادہ کی توقع بہت زیادہ جیف کی کوششوں سے. <br /> <br /> میں ایک اوسط 'جوئز' کا ایک ٹکڑا کی پیشکش ایک فلم دیکھنے جب زندگی میں ضرورت وجوہات محسوس کرتے ہیں اور یقین کرنے کے لئے دیکھ بھال کے لئے دلچسپی ہو جائے کرنے کے لئے،،. اور پتوار پر جیف Garlin کی ساتھ میں نے بھی مزاحیہ لمحات چمک کی ایک bevy توقع. اس فلم نے مجھے بار بار ناکام رہے. <br /> <br /> جیف ایک سماجی تباہی ہے جو ماں، بولڈ اداس بوری کے ساتھ ایک زندہ ادا کرتا ہے. انہوں نے کہا کہ کئی سالوں کے لئے ایک رشتے، حقیقی یا اس سے بھی آرام دہ اور پرسکون، نہیں ہے. انہوں نے نوٹ کیا، اس کی ماں سب سے عزیز کے ساتھ shacks کی طرح زیادہ تر بے روزگار ہیں اور معلوم ہوتا ہے. چیزوں کو بدتر حاصل کر سکتے ہیں؟ اس بات کا یقین. مختصر فیصلے میں انہوں سلورمین، دوسرے شہر (اس کامیڈی ورکشاپ) اور ان کے ایجنٹ سمیت اس کے ارد گرد سب کی طرف سے برطرف کر دیا جاتا ہے. تمام ان کی 'ہارے' حیثیت کو مضبوط بنانے. یہ مضحکہ خیز تھا سلورمین کی 'فیٹی' تجربہ ظالمانہ طور پر تھا. کا کردار ""مارٹی،"" اپنے کیریئر کی نجات کا ذریعہ کے طور پر ساتھ ان کا جنون، بھی ایک بڑی گلی مار دیتی ہے. <br /> <br /> فلم کے آخری لمحات سنیما آنا بہتر چیزوں میں سے ایک جھلک پیش کرتے ہیں جبکہ 'سفر 'کبھی کبھار سنہری اور glimmers ساتھ ہی سہی، کمی افسوس کی بات تھی.",' ' garlin bevy shacks ' ' ' ' ' ' glimmers
#USER# #USER# اندھیرے کے بڑہنے سے روشنی کم نہیں ہو جاتی۔ لیکن روشنی کے بڑھنے سے اندھیرے کم ہو جاتے ہیں۔ انشا اللہ عمران خان پاکستان کیلیے امید کے چراغ ثابت ہونگے,user user
"کاؤنٹیس Balakireff طور Kay میں فرانسس کے ساتھ ایک غیر ارادی مزاحیہ ابتدائی ٹاکی ڈرامہ پتلون میں ہر چیز کا پیچھا. فلم کے آغاز میں وہ ڈرائیور کے دور قائم کرنے سے پہلے بہت چھوٹے ہونے کی وجہ stableboy ""واپس ڈالی""! اعلی کے toned انگریزی وہ یہ مضحکہ خیز ہے کہ harummpf روں کی اتنی آہنی گروپ ہے میں چلتا ہے قائم کی. لیکن اول ایک چیکو مارکس تلفظ کے ساتھ ایک اطالوی وایلن کے طور پر تلسی Rathbone ہے! ""میرا violeen! کس طرح میں نے کبھی eet دوبارہ ادا weel!"" ""Patreecia، میری meelk سردی ہے!"" اس یقین سے باہر campy کے مطابق ہے.",balakireff kay stableboy toned harummpf rathbone violeen eet weel patreecia meelk campy
#USER# انشاء ﷲ عمران خان جیسا بیٹا ہو گا انشا ﷲ,user
میں نے یہ دیکھنے کے لئے 8 کے تحت ایک بچے کو نہیں آئے گا. puppies کے خطرناک مشینوں کے ذریعے squirming عمارتوں سے دور بے ربط اور واقعات کے چند نام Cruella کے کے خوفناک ہنسی کی بات سن کے ساتھ مکمل طور پر ایک چھوٹے سے بچے کے لئے بہت زیادہ راز نہیں ہے. <br /> <br /> براہ راست کارروائی کارٹون ورژن کے مقابلے میں زیادہ اشوب احساس دیتا ہے اور ایک transvestite، کٹھن لمحات کی ایک بہت فکر کرے گا کہ اور چھوٹے کو خوفزدہ کر سکتا ہو لگتا ہے کہ کچھ آدمی سمیت بہت کچھ الجھ لمحات ہیں بچوں. <br /> <br /> مجھے معلوم ڈزنی لوگ کیا سوچ رہے تھے لیکن کہانی اور نہ ہی اداکاری نہ تو ان کے معمول کی سطح کے تھے نہیں ہے. puppies کے خوبصورت ہیں لیکن اس فلم کی سب سے بہترین دببیدار ہے.,8 puppies squirming cruella transvestite puppies
"یہ فلم بہت زیادہ ایک گھنٹے کی بربادی اور میرے وقت کی ایک نصف تھا. عام طور پر سستے ہارر راکشس قسم کی فلموں کی طرح میں، لیکن اس فلم میں ایک مایوسی تھا. اہم دوش مخلوق کی وضاحت کی کمی ہونے کی وجہ سے. وہ گھر میں داخل ہوا اور چلا کہ جب آدمی وہ لیز پر ہو سکتا ہے ان کی وضاحت کی. وہ سچ ہے کہ وہ اپنے والدین کو ہلاک علاوہ کسی اور کو ان کے بارے میں کچھ نہیں کہتے، اور مجھے کچھ یاد ہے جب تک کہ وہ کس طرح یا تو فرار ہونے میں کامیاب بھی نہیں کہا ... اس کا کوئی اشارہ یا وجہ دیتا ہے کہ حقیقت یہ بتانے کی ضرورت نہیں واحد زندہ بچنے والے رہتا ہے اور اس کے نزدیک موت کے تجربے کے مالک کے بعد بنیادی طور پر مخلوق فیڈ. ایسا لگتا ہے کہ وہ ""کراس واقعے"" کے بعد چھوڑنے کا موقع تھا لگ رہا ہو گا.",
یہ ممکنہ طور پر میں نے کبھی دیکھا ہے بدترین فلموں میں سے ایک ہے. میں ناقدین کا کہنا ہے کہ اس کی پرواہ نہیں کرتے، یہ برا ہے. مجھے لگتا ہے کہ مسئلہ Kundera میں ناول کے ساتھ ہے. یہ unfilmable ہے کہ نہیں ہے؛ یہ ان کے کام کی 99٪ کی طرح، یہ کپٹی اور overdrawn ہے کہ صرف ہے. انہوں نے کہا کہ اس کے حروف ناف-گھورتی طور دور آئے خود کے ساتھ موہت کیا جائے گا لگتا ہے، اور مجموعی طور پر ان کے ناولوں عورتوں سے نفرت ہے. میں نے اس کام کے بہت سے (بھی ان کے سوشلسٹ حقیقت پسند شاعری یہ واقعی خوفناک تھا.) پڑھ لیا ہے - میں صرف اپددر کے بارے میں ہے سمجھ میں نہیں آتا. ان کے ناولوں میں (خود میں جذب کی طرح) خصوصیات پڑھنے سے infuriating لئے بناتے ہیں. ایک فلم میں، ہر چیز میں Kundera میں کے بارے میں اسے ناپسند کرتا کہ سرفراز کیا گیا. ہو سکتا ہے کہ میں نے ابھی کچھ یاد، لیکن مجھے ایسا نہیں لگتا. ایک طرف نوٹ پر، میں یہ ایک کسوٹی جمعکاری DVD ہے کہ یقین نہیں کر سکتے ہیں. کوئی راہ اس فلم ضروری ہے.,kundera unfilmable 99 overdrawn infuriating kundera dvd
#USER# میں امید رکھتا ہوں کہ آپ نے شیخ مجیب اور بھٹو کے بیانات سنے ہوں گے اس وقت کے,user
اور ہم نے توریت میں ان پر واجب کیا کہ جان کے بدلے جان اور آنکھ کے بدلے آنکھ اور ناک کے بدلے ناک اور کان کے بدلے کان اور دانت کے بدلے دانت اور زخموں میں بدلہ ہے پھر جو دل کی خوشی سے بدلہ کراوے تو وہ اس کا گناہ اتار دے گا اور جو اللہ کے اتارے پر حکم نہ کرے تو وہی لوگ ظالم ہیں، ﴿۴۵,
"یہ میں نے کبھی دیکھا ہے بدتر اقدام ہو گیا ہے !!!!! یہ صرف بورنگ نہیں تھا، یہ گونگے ""ایک چمچ سے چپ نے مجھے"" تھا. کہاں سے ya اداکار ... ایک گلی کے کونے پر تلاش؟ کون خصوصی اثرات کیا ... Maaco؟ خدا کی خاطر میں نے اپنے سیل فون کے ساتھ ایک بہتر فلم بنا سکتا. اور اگر یہ کافی برا نہیں تھا، تو آپ کو بھی فلم کے آخر میں مع اضافہ جات تو ہم صرف کس طرح بیوکوف اداکاروں حقیقی زندگی میں ہیں دیکھ سکتا تھا. کبھی غیر ملکی کے لئے میک اپ کیا تھا جس نے ... اپنے مقامی استعمال کاسٹیوم سٹور پر $ 5 گزارے اور ایک دن یہ کہا جاتا ہے ضروری ہے. اور وہ لوگ جو دنیا میں DVD کیس گولی مار دی جانی چاہئے کی پشت پر فلم کی تفصیل اپ لکھا. PUHLEEZ !! یہ کیا کے طور پر بیان کیا جاتا ہے کے اس سے بھی 1/8٪ نہیں ہے. اس وضاحت کرائے یا اسے دیکھنے کے لیے ایک ٹکٹ کی ادائیگی، خریدنے سے میں لوگوں چوستے کرنے کے لئے صرف کیا ہے. کوئی تعجب نہیں کہ وہاں اس پر ایک ٹریلر کبھی نہیں تھا .... پھر ہوگا تمام دور !!!!!!! <br /> <br /> برا اداکار ... $ 5 <br /> <br /> خصوصی انہیں نکال دیا اثرات ... $ 5.50 <br /> <br /> جعلی آگ .... $ 1.89 (سگریٹ لائٹر) <br /> <br /> دیکھ کر وقت اس فلم کا .... کل فضلہ خرچ! (میں نے یہ دیکھ کر اپنے وقت کے لئے ya مقدمہ چاہئے)",ya maaco 5 dvd puhleez 1 8 5 5 50 1 89 ya
#USER# تمھاری یہ چیخ و پکار اور بوکھلاہٹ بتا رہی ہے کہ خان آرہا ہے اور پورے زور سے آرہا ہے۔۔ ان شا اللہ,user
#USER# زندگی اللہ تعالی کی امانت ہے۔اللہ تعالی کی طرف سے اپنی حفاظت کرنے کا حکم ہے۔ #URL#,user url
11:11دل کو تیری ہی تمنادل کو ہے تجھ سے ہی پیار🤌,11 11
